{
    "data_sources": [
        {
            "data_source": "platform_mysql",
            "databases": [
                {
                    "databasename": "customer_management",
                    "secret_name": "dl_cdl_customer_management_mysql",
                    "table_details": [
                        {
                            "source_table_name": "customers",
                            "select_column": "*",
                            "is_archival": "true",
                            "archival_duration": "10",
                            "load_type": "I",
                            "cdc_column": "created_on, modified_on",
                            "is_deleted_col_available": "N",
                            "contains_pii_columns": "N",
                            "pii_columns": "",
                            "target_type": "s3",
                            "target_write_mode": "overwrite",
                            "target_partition_col": "load_date",
                            "target_repartition_no": "1",
                            "target_location": "s3://dl-cdl-dev-bronze/bronze/pf_customer_management_customers/",
                            "target_database_name": "lm_broze_dev",
                            "target_table_name": "pf_customer_management_customers"
                        },
                        {
                            "source_table_name": "customer_subscription",
                            "select_column": "*",
                            "is_archival": "true",
                            "archival_duration": "10",
                            "load_type": "I",
                            "cdc_column": "created_on, modified_on",
                            "is_deleted_col_available": "Y",
                            "contains_pii_columns": "N",
                            "pii_columns": "",
                            "target_type": "s3",
                            "target_write_mode": "overwrite",
                            "target_partition_col": "load_date",
                            "target_repartition_no": "1",
                            "target_location": "s3://dl-cdl-dev-bronze/bronze/pf_customer_management_customer_subscription/",
                            "target_database_name": "lm_broze_dev",
                            "target_table_name": "pf_customer_management_customer_subscription"
                        },
                        {
                            "source_table_name": "externalcustomer_map",
                            "select_column": "*",
                            "is_archival": "true",
                            "archival_duration": "10",
                            "load_type": "I",
                            "cdc_column": "created_on, modified_on",
                            "is_deleted_col_available": "Y",
                            "contains_pii_columns": "N",
                            "pii_columns": "",
                            "target_type": "s3",
                            "target_write_mode": "overwrite",
                            "target_partition_col": "load_date",
                            "target_repartition_no": "1",
                            "target_location": "s3://dl-cdl-dev-bronze/bronze/pf_customer_management_externalcustomer_map/",
                            "target_database_name": "lm_broze_dev",
                            "target_table_name": "pf_customer_management_externalcustomer_map"
                        },
                        {
                            "source_table_name": "customerhierarchy_map",
                            "select_column": "*",
                            "is_archival": "true",
                            "archival_duration": "10",
                            "load_type": "I",
                            "cdc_column": "created_on, modified_on",
                            "is_deleted_col_available": "Y",
                            "contains_pii_columns": "N",
                            "pii_columns": "",
                            "target_type": "s3",
                            "target_write_mode": "overwrite",
                            "target_partition_col": "load_date",
                            "target_repartition_no": "1",
                            "target_location": "s3://dl-cdl-dev-bronze/bronze/pf_customer_management_customerhierarchy_map/",
                            "target_database_name": "lm_broze_dev",
                            "target_table_name": "pf_customer_management_customerhierarchy_map"
                        },
                        {
                            "source_table_name": "deleted_customers",
                            "select_column": "*",
                            "is_archival": "true",
                            "archival_duration": "10",
                            "load_type": "I",
                            "cdc_column": "created_on, modified_on",
                            "is_deleted_col_available": "Y",
                            "contains_pii_columns": "N",
                            "pii_columns": "",
                            "target_type": "s3",
                            "target_write_mode": "overwrite",
                            "target_partition_col": "load_date",
                            "target_repartition_no": "1",
                            "target_location": "s3://dl-cdl-dev-bronze/bronze/pf_customer_management_deleted_customers/",
                            "target_database_name": "lm_broze_dev",
                            "target_table_name": "pf_customer_management_deleted_customers"
                        }
                    ]
                },
                {
                    "databasename": "user_management",
                    "secret_name": "dl_cdl_customer_management_mysql",
                    "table_details": [
                        {
                            "source_table_name": "externaluser_map",
                            "select_column": "*",
                            "is_archival": "true",
                            "archival_duration": "10",
                            "load_type": "I",
                            "cdc_column": "created_on, modified_on",
                            "is_deleted_col_available": "Y",
                            "contains_pii_columns": "N",
                            "pii_columns": "",
                            "target_type": "s3",
                            "target_write_mode": "overwrite",
                            "target_partition_col": "load_date",
                            "target_repartition_no": "1",
                            "target_location": "s3://dl-cdl-dev-bronze/bronze/pf_user_management_externaluser_map/",
                            "target_database_name": "lm_broze_dev",
                            "target_table_name": "pf_user_management_externaluser_map"
                        },
                        {
                            "source_table_name": "profiles",
                            "select_column": "*",
                            "is_archival": "true",
                            "archival_duration": "10",
                            "load_type": "I",
                            "cdc_column": "created_on, modified_on",
                            "is_deleted_col_available": "Y",
                            "contains_pii_columns": "N",
                            "pii_columns": "",
                            "target_type": "s3",
                            "target_write_mode": "overwrite",
                            "target_partition_col": "load_date",
                            "target_repartition_no": "1",
                            "target_location": "s3://dl-cdl-dev-bronze/bronze/pf_user_management_profiles/",
                            "target_database_name": "lm_broze_dev",
                            "target_table_name": "pf_user_management_profiles"
                        },
                        {
                            "source_table_name": "activities",
                            "select_column": "*",
                            "is_archival": "true",
                            "archival_duration": "10",
                            "load_type": "I",
                            "cdc_column": "created_on, modified_on",
                            "is_deleted_col_available": "Y",
                            "contains_pii_columns": "N",
                            "pii_columns": "",
                            "target_type": "s3",
                            "target_write_mode": "overwrite",
                            "target_partition_col": "load_date",
                            "target_repartition_no": "1",
                            "target_location": "s3://dl-cdl-dev-bronze/bronze/pf_user_management_activities/",
                            "target_database_name": "lm_broze_dev",
                            "target_table_name": "pf_user_management_activities"
                        },
                        {
                            "source_table_name": "customer_profiles_count",
                            "select_column": "*",
                            "is_archival": "true",
                            "archival_duration": "10",
                            "load_type": "I",
                            "cdc_column": "created_on, modified_on",
                            "is_deleted_col_available": "Y",
                            "contains_pii_columns": "N",
                            "pii_columns": "",
                            "target_type": "s3",
                            "target_write_mode": "overwrite",
                            "target_partition_col": "load_date",
                            "target_repartition_no": "1",
                            "target_location": "s3://dl-cdl-dev-bronze/bronze/pf_user_management_customer_profiles_count/",
                            "target_database_name": "lm_broze_dev",
                            "target_table_name": "pf_user_management_customer_profiles_count"
                        },
                        {
                            "source_table_name": "roles",
                            "select_column": "*",
                            "is_archival": "true",
                            "archival_duration": "10",
                            "load_type": "I",
                            "cdc_column": "created_on, modified_on",
                            "is_deleted_col_available": "Y",
                            "contains_pii_columns": "N",
                            "pii_columns": "",
                            "target_type": "s3",
                            "target_write_mode": "overwrite",
                            "target_partition_col": "load_date",
                            "target_repartition_no": "1",
                            "target_location": "s3://dl-cdl-dev-bronze/bronze/pf_user_management_roles/",
                            "target_database_name": "lm_broze_dev",
                            "target_table_name": "pf_user_management_roles"
                        },
                        {
                            "source_table_name": "permissions",
                            "select_column": "*",
                            "is_archival": "true",
                            "archival_duration": "10",
                            "load_type": "F",
                            "cdc_column": "created_on, modified_on",
                            "is_deleted_col_available": "Y",
                            "contains_pii_columns": "N",
                            "pii_columns": "",
                            "target_type": "s3",
                            "target_write_mode": "overwrite",
                            "target_partition_col": "load_date",
                            "target_repartition_no": "1",
                            "target_location": "s3://dl-cdl-dev-bronze/bronze/pf_user_management_permissions/",
                            "target_database_name": "lm_broze_dev",
                            "target_table_name": "pf_user_management_permissions"
                        },
                        {
                            "source_table_name": "role_permissions_mapping",
                            "select_column": "*",
                            "is_archival": "true",
                            "archival_duration": "10",
                            "load_type": "F",
                            "cdc_column": "created_on, modified_on",
                            "is_deleted_col_available": "Y",
                            "contains_pii_columns": "N",
                            "pii_columns": "",
                            "target_type": "s3",
                            "target_write_mode": "overwrite",
                            "target_partition_col": "load_date",
                            "target_repartition_no": "1",
                            "target_location": "s3://dl-cdl-dev-bronze/bronze/pf_user_management_role_permissions_mapping/",
                            "target_database_name": "lm_broze_dev",
                            "target_table_name": "pf_user_management_role_permissions_mapping"
                        },
                        {
                            "source_table_name": "teams",
                            "select_column": "*",
                            "is_archival": "true",
                            "archival_duration": "10",
                            "load_type": "I",
                            "cdc_column": "created_on, modified_on",
                            "is_deleted_col_available": "Y",
                            "contains_pii_columns": "N",
                            "pii_columns": "",
                            "target_type": "s3",
                            "target_write_mode": "overwrite",
                            "target_partition_col": "load_date",
                            "target_repartition_no": "1",
                            "target_location": "s3://dl-cdl-dev-bronze/bronze/pf_user_management_teams/",
                            "target_database_name": "lm_broze_dev",
                            "target_table_name": "pf_user_management_teams"
                        }
                    ]
                },
                {
                    "databasename": "asset_management",
                    "secret_name": "dl_cdl_customer_management_mysql",
                    "table_details": [
                        {
                            "source_table_name": "assets",
                            "select_column": "*",
                            "is_archival": "true",
                            "archival_duration": "10",
                            "load_type": "I",
                            "cdc_column": "created_on, modified_on",
                            "is_deleted_col_available": "Y",
                            "contains_pii_columns": "N",
                            "pii_columns": "",
                            "target_type": "s3",
                            "target_write_mode": "overwrite",
                            "target_partition_col": "load_date",
                            "target_repartition_no": "1",
                            "target_location": "s3://dl-cdl-dev-bronze/bronze/pf_asset_management_assets/",
                            "target_database_name": "lm_broze_dev",
                            "target_table_name": "pf_asset_management_assets"
                        },
                        {
                            "source_table_name": "projects",
                            "select_column": "*",
                            "is_archival": "true",
                            "archival_duration": "10",
                            "load_type": "I",
                            "cdc_column": "created_on, modified_on",
                            "is_deleted_col_available": "Y",
                            "contains_pii_columns": "N",
                            "pii_columns": "",
                            "target_type": "s3",
                            "target_write_mode": "overwrite",
                            "target_partition_col": "load_date",
                            "target_repartition_no": "1",
                            "target_location": "s3://dl-cdl-dev-bronze/bronze/pf_asset_management_projects/",
                            "target_database_name": "lm_broze_dev",
                            "target_table_name": "pf_asset_management_projects"
                        },
                        {
                            "source_table_name": "project_assets",
                            "select_column": "*",
                            "is_archival": "true",
                            "archival_duration": "10",
                            "load_type": "I",
                            "cdc_column": "created_on, modified_on",
                            "is_deleted_col_available": "Y",
                            "contains_pii_columns": "N",
                            "pii_columns": "",
                            "target_type": "s3",
                            "target_write_mode": "overwrite",
                            "target_partition_col": "load_date",
                            "target_repartition_no": "1",
                            "target_location": "s3://dl-cdl-dev-bronze/bronze/pf_asset_management_project_assets/",
                            "target_database_name": "lm_broze_dev",
                            "target_table_name": "pf_asset_management_project_assets"
                        },
                        {
                            "source_table_name": "projects_Archival",
                            "select_column": "*",
                            "is_archival": "true",
                            "archival_duration": "10",
                            "load_type": "I",
                            "cdc_column": "created_on, modified_on",
                            "is_deleted_col_available": "Y",
                            "contains_pii_columns": "N",
                            "pii_columns": "",
                            "target_type": "s3",
                            "target_write_mode": "overwrite",
                            "target_partition_col": "load_date",
                            "target_repartition_no": "1",
                            "target_location": "s3://dl-cdl-dev-bronze/bronze/pf_asset_management_projects_archival/",
                            "target_database_name": "lm_broze_dev",
                            "target_table_name": "pf_asset_management_projects_archival"
                        }
                    ]
                }
            ]
        },
        {
            "data_source": "heap_redshift",
            "databases": [
                {
                    "databasename": "heap",
                    "secret_name": "dl_cdl_heap_redshift",
                    "table_details": [
                        {
                            "source_table_name": "all_events",
                            "schema": "mosaic_production",
                            "select_column": "*",
                            "is_archival": "true",
                            "archival_duration": "10",
                            "load_type": "F",
                            "cdc_column": "",
                            "is_deleted_col_available": "N",
                            "contains_pii_columns": "N",
                            "pii_columns": "",
                            "target_type": "s3",
                            "target_write_mode": "overwrite",
                            "target_partition_col": "",
                            "target_repartition_no": "1",
                            "target_location": "s3://dl-cdl-dev-bronze/lm_bronze_dev/readshift/heap/all_events/landing/",
                            "target_database_name": "lm_broze_dev",
                            "target_table_name": "heap_all_events"
                        },
                        {
                            "source_table_name": "users",
                            "schema": "mosaic_production",
                            "select_column": "*",
                            "is_archival": "true",
                            "archival_duration": "10",
                            "load_type": "F",
                            "cdc_column": "created_on, modified_on",
                            "is_deleted_col_available": "Y",
                            "contains_pii_columns": "N",
                            "pii_columns": "",
                            "target_type": "s3",
                            "target_write_mode": "overwrite",
                            "target_partition_col": "",
                            "target_repartition_no": "1",
                            "target_location": "s3://dl-cdl-dev-bronze/lm_bronze_dev/readshift/heap/users/landing/",
                            "target_database_name": "lm_broze_dev",
                            "target_table_name": "heap_users"
                        },
                        {
                            "source_table_name": "sessions",
                            "schema": "mosaic_production",
                            "select_column": "*",
                            "is_archival": "true",
                            "archival_duration": "10",
                            "load_type": "F",
                            "cdc_column": "created_on, modified_on",
                            "is_deleted_col_available": "Y",
                            "contains_pii_columns": "N",
                            "pii_columns": "",
                            "target_type": "s3",
                            "target_write_mode": "overwrite",
                            "target_partition_col": "",
                            "target_repartition_no": "1",
                            "target_location": "s3://dl-cdl-dev-bronze/lm_bronze_dev/readshift/heap/sessions/landing/",
                            "target_database_name": "lm_broze_dev",
                            "target_table_name": "heap_sessions"
                        },
                        {
                            "source_table_name": "web_kit_downloaded_successfully",
                            "schema": "mosaic_production",
                            "select_column": "*",
                            "is_archival": "true",
                            "archival_duration": "10",
                            "load_type": "F",
                            "cdc_column": "created_on, modified_on",
                            "is_deleted_col_available": "Y",
                            "contains_pii_columns": "N",
                            "pii_columns": "",
                            "target_type": "s3",
                            "target_write_mode": "overwrite",
                            "target_partition_col": "",
                            "target_repartition_no": "1",
                            "target_location": "s3://dl-cdl-dev-bronze/lm_bronze_dev/readshift/heap/sessions/landing/",
                            "target_database_name": "lm_broze_dev",
                            "target_table_name": "heap_web_kit_downloaded_successfully"
                        }
                    ]
                }
            ]
        },
        {
            "data_source": "snowflake",
            "databases": [
                {
                    "databasename": "fivetran",
                    "table_details": [
                        {
                            "source_table_name": "account",
                            "source_table_schema": "salesforce",
                            "select_column": "*",
                            "is_archival": "true",
                            "archival_duration": "10",
                            "load_type": "F",
                            "cdc_column": "created_on, modified_on",
                            "is_deleted_col_available": "N",
                            "contains_pii_columns": "N",
                            "pii_columns": "",
                            "target_type": "s3",
                            "target_write_mode": "overwrite",
                            "target_partition_col": "",
                            "target_repartition_no": "1",
                            "target_location": "s3://dl-cdl-dev-bronze/lm_bronze_dev/snowflake/fivetran/account/landing/",
                            "target_database_name": "lm_bronze_dev",
                            "target_table_name": "fivetran_account"
                        },
                        {
                            "source_table_name": "opportunity",
                            "source_table_schema": "salesforce",
                            "select_column": "*",
                            "is_archival": "true",
                            "archival_duration": "10",
                            "load_type": "F",
                            "cdc_column": "created_on, modified_on",
                            "is_deleted_col_available": "N",
                            "contains_pii_columns": "N",
                            "pii_columns": "",
                            "target_type": "s3",
                            "target_write_mode": "overwrite",
                            "target_partition_col": "",
                            "target_repartition_no": "1",
                            "target_location": "s3://dl-cdl-dev-bronze/lm_bronze_dev/snowflake/fivetran/opportunity/landing/",
                            "target_database_name": "lm_bronze_dev",
                            "target_table_name": "fivetran_opportunity"
                        }
                    ]
                }
            ]
        },
        {
            "data_source": "mongodb",
            "databases": [
                {
                    "databasename": "mosaic-report-db",
                    "secret_name": "dl_cdl_mosaic_report_mongodb",
                    "table_details": [
                        {
                            "source_table_name": "fonts",
                            "select_column": "*",
                            "is_archival": "false",
                            "archival_duration": "10",
                            "load_type": "incremental",
                            "cdc_column": "created_on",
                            "is_deleted_col_available": "N",
                            "contains_pii_columns": "N",
                            "pii_columns": "",
                            "target_type": "s3",
                            "target_write_mode": "overwrite",
                            "target_partition_col": "",
                            "target_repartition_no": "1",
                            "target_location": "s3://dl-cdl-dev-bronze/lm_bronze_dev/mongodb/mosaic-report-db/fonts/landing/",
                            "target_database_name": "lm_bronze_dev",
                            "target_table_name": "fonts"
                        }
                    ]
                }
            ]
        }
    ]
}