{
    "data_sources": [
        {
            "data_source": "my_sql",
            "servername": "mosaicmysqlrdsprod.c57bpjpaygtp.us-east-1.rds.amazonaws.com",
            "port": "3306",
            "secret_name": "dl_cdl_customer_management_mysql",
            "databases": [
                {
                    "databasename": "customer_management",
                    "table_details": [
                        {
                            "source_table_name": "customers",
                            "select_column": "*",
                            "is_archival": "true",
                            "archival_duration": "10",
                            "load_type": "full",
                            "cdc_column": "created_on, modified_on",
                            "is_deleted_col_available": "N",
                            "contains_pii_columns": "N",
                            "pii_columns": "",
                            "target_type": "s3",
                            "target_write_mode": "overwrite",
                            "target_partition_col": "",
                            "target_repartition_no": "1",
                            "target_location": "s3://dl-cdl-dev-bronze/raw/mysql/customer_management/customers/landing/",
                            "target_database_name": "dl_cdl_broze_dev",
                            "target_table_name": "customers"
                        },
                        {
                            "source_table_name": "customer_subscription",
                            "select_column": "*",
                            "is_archival": "true",
                            "archival_duration": "10",
                            "load_type": "full",
                            "cdc_column": "created_on, modified_on",
                            "is_deleted_col_available": "Y",
                            "contains_pii_columns": "N",
                            "pii_columns": "",
                            "target_type": "s3",
                            "target_write_mode": "overwrite",
                            "target_partition_col": "",
                            "target_repartition_no": "1",
                            "target_location": "s3://dl-cdl-dev-bronze/raw/mysql/customer_management/customers/landing/",
                            "target_database_name": "",
                            "target_table_name": ""
                        }
                    ]
                }
            ]
        },
        {
            "data_source": "mongodb",
            "servername": "mosaicmysqlrdsprod.c57bpjpaygtp.us-east-1.rds.amazonaws.com",
            "port": "3306",
            "secret_name": "",
            "databases": [
                {
                    "databasename": "mosaic-report-db",
                    "table_details": [
                        {
                            "source_table_name": "fonts",
                            "select_column": "*",
                            "is_archival": "true",
                            "archival_duration": "10",
                            "load_type": "full",
                            "cdc_column": "created_on, modified_on",
                            "is_deleted_col_available": "N",
                            "contains_pii_columns": "N",
                            "pii_columns": "",
                            "target_type": "s3",
                            "target_write_mode": "overwrite",
                            "target_partition_col": "",
                            "target_repartition_no": "1",
                            "target_location": "s3://dl-cdl-dev-bronze/raw/mysql/customer_management/customers/landing/",
                            "target_database_name": "",
                            "target_table_name": ""
                        },
                        {
                            "source_table_name": "MosaicCatalog ",
                            "select_column": "*",
                            "is_archival": "true",
                            "archival_duration": "10",
                            "load_type": "full",
                            "cdc_column": "created_on, modified_on",
                            "is_deleted_col_available": "Y",
                            "contains_pii_columns": "N",
                            "pii_columns": "",
                            "target_type": "s3",
                            "target_write_mode": "overwrite",
                            "target_partition_col": "",
                            "target_repartition_no": "1",
                            "target_location": "s3://dl-cdl-dev-bronze/raw/mysql/customer_management/customers/landing/",
                            "target_database_name": "",
                            "target_table_name": ""
                        }
                    ]
                }
            ]
        },
        {
            "data_source": "EDH02",
            "servername": "mosaicmysqlrdsprod.c57bpjpaygtp.us-east-1.rds.amazonaws.com",
            "port": "3306",
            "secret_name": "",
            "databases": [
                {
                    "databasename": "customer_management",
                    "table_details": [
                        {
                            "source_table_name": "customers",
                            "select_column": "*",
                            "is_archival": "true",
                            "archival_duration": "10",
                            "load_type": "full",
                            "cdc_column": "created_on, modified_on",
                            "is_deleted_col_available": "N",
                            "contains_pii_columns": "N",
                            "pii_columns": "",
                            "target_type": "s3",
                            "target_write_mode": "overwrite",
                            "target_partition_col": "",
                            "target_repartition_no": "1",
                            "target_location": "s3://dl-cdl-dev-bronze/raw/mysql/customer_management/customers/landing/",
                            "target_database_name": "",
                            "target_table_name": ""
                        },
                        {
                            "source_table_name": "customer_subscription",
                            "select_column": "*",
                            "is_archival": "true",
                            "archival_duration": "10",
                            "load_type": "full",
                            "cdc_column": "created_on, modified_on",
                            "is_deleted_col_available": "Y",
                            "contains_pii_columns": "N",
                            "pii_columns": "",
                            "target_type": "s3",
                            "target_write_mode": "overwrite",
                            "target_partition_col": "",
                            "target_repartition_no": "1",
                            "target_location": "s3://dl-cdl-dev-bronze/raw/mysql/customer_management/customers/landing/",
                            "target_database_name": "",
                            "target_table_name": ""
                        }
                    ]
                }
            ]
        },
        {
            "data_source": "redshift",
            "servername": "mosaicmysqlrdsprod.c57bpjpaygtp.us-east-1.rds.amazonaws.com",
            "port": "3306",
            "secret_name": "",
            "databases": [
                {
                    "databasename": "customer_management",
                    "table_details": [
                        {
                            "source_table_name": "customers",
                            "select_column": "*",
                            "is_archival": "true",
                            "archival_duration": "10",
                            "load_type": "full",
                            "cdc_column": "created_on, modified_on",
                            "is_deleted_col_available": "N",
                            "contains_pii_columns": "N",
                            "pii_columns": "",
                            "target_type": "s3",
                            "target_write_mode": "overwrite",
                            "target_partition_col": "",
                            "target_repartition_no": "1",
                            "target_location": "s3://dl-cdl-dev-bronze/raw/mysql/customer_management/customers/landing/",
                            "target_database_name": "",
                            "target_table_name": ""
                        },
                        {
                            "source_table_name": "customer_subscription",
                            "select_column": "*",
                            "is_archival": "true",
                            "archival_duration": "10",
                            "load_type": "full",
                            "cdc_column": "created_on, modified_on",
                            "is_deleted_col_available": "Y",
                            "contains_pii_columns": "N",
                            "pii_columns": "",
                            "target_type": "s3",
                            "target_write_mode": "overwrite",
                            "target_partition_col": "",
                            "target_repartition_no": "1",
                            "target_location": "s3://dl-cdl-dev-bronze/raw/mysql/customer_management/customers/landing/",
                            "target_database_name": "",
                            "target_table_name": ""
                        }
                    ]
                }
            ]
        }
    ]
}