[
	{
		"column_name":"SSN",
		"method":"Partially_Pseudonymization",
		"index" : 5,
		"length": 4
	},
	{
		"column_name":"Bank_Account_Number",
		"method":"Pseudonymization",
		"string":"******-******-******"		
	},
	{
		"column_name":"Date_Of_Birth",
		"method":"Partially_Anonymization",
	},
	{
		"column_name":"Debt_ID",
		"method":"Pseudonymization",
		"index" : 4,
		"length" : 4,
		"rules":["removespaces","removespecialchar_except"],
		"except":"numeric"
	},
	{
		"column_name":"PostCode",
		"method":"Partially_Pseudonymization",
		"index": 4,
		"length" : 3,
		"rules":["removespaces","removespecialcharacters","toupper"]
	},
	{
		"column_name":"Date_Of_Birth",
		"method":"Partially_Anonymization",
		"rules":["formatdate"]
	},
	{
		"column_name":"Name",
		"method":"Pseudonymization",
		"string":"",
		"rules":["removespaces","Capitalize","removespecialchar_except"],
		"except":"alpha"
	},
	{
		"column_name":"Address",
		"method":"Pseudonymization",
		"rules":["removespecialchar_except","removespaces","Capitalize"],
		"except":"-# "
	},
	{
		"column_name":"Phone_Number",
		"method":"Pseudonymization",
		"rules": ["removespaces","removespecialchar_except"],
		"except":"+"
	},
	{
		"column_name":"Title",
		"method":"Pseudonymization",
		"rules":["removespaces","Capitalize","removespecialchar_except"]
	},
	{
		"column_name":"Bank_Account_Number",
		"method":"Pseudonymization",
		"string":"******-******-******",
		"rules":["removespaces","toupper","removespecialcharacters"]
	}
]