{
    "platform_mysql": {
        "pf_customer_management_customer_subscription": {
            "source_database_name": "dl_bronze_dev",
            "source_table_name": "pf_customer_management_customer_subscription",
            "is_json_parser_required": "Y",
            "json_fields": [
                {
                    "json_column": "plan_definition",
                    "json_schema": {
                        "allowDownload": "Boolean",
                        "pageViewLimit": "Long",
                        "hasWebFontAccess": "Boolean",
                        "adsImpressionLimit": "Long",
                        "hasDigitalAdsAccess": "Boolean",
                        "allowMosaicDTInstall": "Boolean",
                        "isPrivateFontAllowed": "Boolean",
                        "allowFontFormatSelectionInFontList": "Boolean",
                        "allowProductionFont": "Boolean"
                    }
                }
            ],
            "is_deduplicate": "N",
            "combination_keys": "customer_id",
            "is_handle_isdeleted": "Y",
            "is_deleted_column": "is_deleted",
            "is_scd_required": "N",
            "scd_columns": "",
            "is_filter_scd": "N",
            "filter_scd_condition": "",
            "scd_drop_columns": "",
            "target_type": "s3",
            "target_write_mode": "overwrite",
            "target_location": "s3://dl-cdl-dev-silver/dl_silver_dev/platform_mysql/pf_customer_management_customer_subscription/",
            "rejected_database_name": "dl_silver_dev",
            "rejected_table_name": "pf_customer_management_customer_subscription_rejected",
            "rejected_table_location": "s3://dl-cdl-dev-silver/rejected_data/platform_mysql/pf_customer_management_customer_subscription_rejected/",
            "target_database_name": "dl_silver_dev",
            "target_table_name": "pf_customer_management_customer_subscription",
            "target_history_database_name": "",
            "target_history_table_name": "",
            "target_history_location": "",
            "add_column": [
                "dense_rank() over(partition by customer_id, is_trial order by termination_date) as rnk",
                "max(rnk) over(partition by customer_id, is_trial) as trial_count"
            ],
            "join_details": {
                "join_with_cust": {
                    "db_name": "dl_silver_dev",
                    "table_name": "pf_customer_management_customers",
                    "join_condition": "a.customer_id = b.id",
                    "take_column": "b.source"
                }
            },
            "qc_details": {
                "termination_date_null_check": {
                    "quality_check_condition": "(source <> 'offline' and termination_date is not null) or (source = 'offline')",
                    "description": "offline customers with empty termination date",
                    "restrict_data": "N",
                    "send_notification": "Y"
                },
                "trial_duplication_check": {
                    "quality_check_condition": "(is_trial = 1 and trial_count = 1) or is_trial = 0",
                    "description": "trial duplication check against customer",
                    "restrict_data": "N",
                    "send_notification": "Y"
                },
                "created_on_less_than_termination_date_check": {
                    "quality_check_condition": "(created_on < termination_date) or (termination_date = '1970-01-01 00:00:00') or (termination_date is not null)",
                    "description": "created on date is less that customer date",
                    "restrict_data": "N",
                    "send_notification": "Y"
                }
            },
            "drop_column": "rnk,trial_count,source"
        },
        "pf_customer_management_externalcustomer_map": {
            "source_database_name": "dl_bronze_dev",
            "source_table_name": "pf_customer_management_externalcustomer_map",
            "is_json_parser_required": "N",
            "json_fields": "",
            "is_deduplicate": "Y",
            "combination_keys": "customer_id",
            "is_handle_isdeleted": "N",
            "is_deleted_column": "",
            "is_scd_required": "N",
            "scd_columns": "",
            "is_filter_scd": "N",
            "filter_scd_condition": "",
            "scd_drop_columns": "",
            "target_type": "s3",
            "target_write_mode": "overwrite",
            "target_location": "s3://dl-cdl-dev-silver/dl_silver_dev/platform_mysql/pf_customer_management_externalcustomer_map/",
            "rejected_database_name": "",
            "rejected_table_name": "",
            "rejected_table_location": "",
            "target_database_name": "dl_silver_dev",
            "target_table_name": "pf_customer_management_externalcustomer_map",
            "target_history_database_name": "",
            "target_history_table_name": "",
            "target_history_location": "",
            "join_details": "",
            "add_column": [],
            "qc_details": "",
            "drop_column": ""
        },
        "pf_customer_management_customerhierarchy_map": {
            "source_database_name": "dl_bronze_dev",
            "source_table_name": "pf_customer_management_customerhierarchy_map",
            "is_json_parser_required": "N",
            "json_fields": "",
            "is_deduplicate": "Y",
            "combination_keys": "customer_id",
            "is_handle_isdeleted": "N",
            "is_deleted_column": "",
            "is_scd_required": "N",
            "scd_columns": "",
            "is_filter_scd": "N",
            "filter_scd_condition": "",
            "scd_drop_columns": "",
            "target_type": "s3",
            "target_write_mode": "overwrite",
            "target_location": "s3://dl-cdl-dev-silver/dl_silver_dev/platform_mysql/pf_customer_management_customerhierarchy_map/",
            "rejected_database_name": "",
            "rejected_table_name": "",
            "rejected_table_location": "",
            "target_database_name": "dl_silver_dev",
            "target_table_name": "pf_customer_management_customerhierarchy_map",
            "target_history_database_name": "",
            "target_history_table_name": "",
            "target_history_location": "",
            "add_column": [],
            "join_details": "",
            "qc_details": "",
            "drop_column": ""
        },
        "pf_user_management_roles": {
            "source_database_name": "dl_bronze_dev",
            "source_table_name": "pf_user_management_roles",
            "is_json_parser_required": "N",
            "json_fields": "",
            "is_deduplicate": "Y",
            "combination_keys": "id",
            "is_handle_isdeleted": "N",
            "is_deleted_column": "",
            "is_scd_required": "N",
            "scd_columns": "",
            "is_filter_scd": "N",
            "filter_scd_condition": "",
            "scd_drop_columns": "",
            "target_type": "s3",
            "target_write_mode": "overwrite",
            "target_location": "s3://dl-cdl-dev-silver/dl_silver_dev/platform_mysql/pf_user_management_roles/",
            "rejected_database_name": "",
            "rejected_table_name": "",
            "rejected_table_location": "",
            "target_database_name": "dl_silver_dev",
            "target_table_name": "pf_user_management_roles",
            "target_history_database_name": "",
            "target_history_table_name": "",
            "target_history_location": "",
            "add_column": [],
            "join_details": "",
            "qc_details": "",
            "drop_column": ""
        },
        "pf_user_management_permissions": {
            "source_database_name": "dl_bronze_dev",
            "source_table_name": "pf_user_management_permissions",
            "is_json_parser_required": "N",
            "json_fields": "",
            "is_deduplicate": "N",
            "combination_keys": "id",
            "is_handle_isdeleted": "N",
            "is_deleted_column": "",
            "is_scd_required": "N",
            "scd_columns": "",
            "is_filter_scd": "N",
            "filter_scd_condition": "",
            "scd_drop_columns": "",
            "target_type": "s3",
            "target_write_mode": "overwrite",
            "target_location": "s3://dl-cdl-dev-silver/dl_silver_dev/platform_mysql/pf_user_management_permissions/",
            "rejected_database_name": "",
            "rejected_table_name": "",
            "rejected_table_location": "",
            "target_database_name": "dl_silver_dev",
            "target_table_name": "pf_user_management_permissions",
            "target_history_database_name": "",
            "target_history_table_name": "",
            "target_history_location": "",
            "add_column": [],
            "join_details": "",
            "qc_details": "",
            "drop_column": ""
        },
        "pf_user_management_role_permissions_mapping": {
            "source_database_name": "dl_bronze_dev",
            "source_table_name": "pf_user_management_role_permissions_mapping",
            "is_json_parser_required": "N",
            "json_fields": "",
            "is_deduplicate": "N",
            "combination_keys": "role_id,permission_id",
            "is_handle_isdeleted": "N",
            "is_deleted_column": "",
            "is_scd_required": "N",
            "scd_columns": "",
            "is_filter_scd": "N",
            "filter_scd_condition": "",
            "scd_drop_columns": "",
            "target_type": "s3",
            "target_write_mode": "overwrite",
            "target_location": "s3://dl-cdl-dev-silver/dl_silver_dev/platform_mysql/pf_user_management_role_permissions_mapping/",
            "rejected_database_name": "",
            "rejected_table_name": "",
            "rejected_table_location": "",
            "target_database_name": "dl_silver_dev",
            "target_table_name": "pf_user_management_role_permissions_mapping",
            "target_history_database_name": "",
            "target_history_table_name": "",
            "target_history_location": "",
            "add_column": [],
            "join_details": "",
            "qc_details": "",
            "drop_column": ""
        },
        "pf_user_management_teams": {
            "source_database_name": "dl_bronze_dev",
            "source_table_name": "pf_user_management_teams",
            "is_json_parser_required": "N",
            "json_fields": "",
            "is_deduplicate": "Y",
            "combination_keys": "id",
            "is_handle_isdeleted": "N",
            "is_deleted_column": "",
            "is_scd_required": "N",
            "scd_columns": "",
            "is_filter_scd": "N",
            "filter_scd_condition": "",
            "scd_drop_columns": "",
            "target_type": "s3",
            "target_write_mode": "overwrite",
            "target_location": "s3://dl-cdl-dev-silver/dl_silver_dev/platform_mysql/pf_user_management_teams/",
            "rejected_database_name": "",
            "rejected_table_name": "",
            "rejected_table_location": "",
            "target_database_name": "dl_silver_dev",
            "target_table_name": "pf_user_management_teams",
            "target_history_database_name": "",
            "target_history_table_name": "",
            "target_history_location": "",
            "add_column": [],
            "join_details": "",
            "qc_details": "",
            "drop_column": ""
        }
    },
    "heap_redshift": {
        "heap_all_events": {
            "source_database_name": "dl_bronze_dev",
            "source_table_name": "heap_all_events",
            "is_json_parser_required": "N",
            "json_fields": "",
            "is_deduplicate": "N",
            "combination_keys": "id",
            "is_handle_isdeleted": "N",
            "is_deleted_column": "",
            "is_scd_required": "N",
            "scd_columns": "",
            "is_filter_scd": "N",
            "filter_scd_condition": "",
            "scd_drop_columns": "",
            "target_type": "s3",
            "target_write_mode": "overwrite",
            "target_location": "s3://dl-cdl-dev-silver/dl_silver_dev/heap_redshift/heap_all_events/",
            "rejected_database_name": "",
            "rejected_table_name": "",
            "rejected_table_location": "",
            "target_database_name": "dl_silver_dev",
            "target_table_name": "heap_all_events",
            "target_history_database_name": "",
            "target_history_table_name": "",
            "target_history_location": "",
            "add_column": [],
            "join_details": "",
            "qc_details": "",
            "drop_column": ""
        },
        "heap_users": {
            "source_database_name": "dl_bronze_dev",
            "source_table_name": "heap_users",
            "is_json_parser_required": "N",
            "json_fields": "",
            "is_deduplicate": "N",
            "combination_keys": "id",
            "is_handle_isdeleted": "N",
            "is_deleted_column": "",
            "is_scd_required": "N",
            "scd_columns": "",
            "is_filter_scd": "N",
            "filter_scd_condition": "",
            "scd_drop_columns": "",
            "target_type": "s3",
            "target_write_mode": "overwrite",
            "target_location": "s3://dl-cdl-dev-silver/dl_silver_dev/heap_redshift/heap_users/",
            "rejected_database_name": "",
            "rejected_table_name": "",
            "rejected_table_location": "",
            "target_database_name": "dl_silver_dev",
            "target_table_name": "heap_users",
            "target_history_database_name": "",
            "target_history_table_name": "",
            "target_history_location": "",
            "add_column": [],
            "join_details": "",
            "qc_details": "",
            "drop_column": ""
        },
        "heap_sessions": {
            "source_database_name": "dl_bronze_dev",
            "source_table_name": "heap_sessions",
            "is_json_parser_required": "N",
            "json_fields": "",
            "is_deduplicate": "N",
            "combination_keys": "id",
            "is_handle_isdeleted": "N",
            "is_deleted_column": "",
            "is_scd_required": "N",
            "scd_columns": "modified_on,created_on",
            "is_filter_scd": "N",
            "filter_scd_condition": "",
            "scd_drop_columns": "",
            "target_type": "s3",
            "target_write_mode": "overwrite",
            "target_location": "s3://dl-cdl-dev-silver/dl_silver_dev/heap_redshift/heap_sessions/",
            "rejected_database_name": "",
            "rejected_table_name": "",
            "rejected_table_location": "",
            "target_database_name": "dl_silver_dev",
            "target_table_name": "heap_sessions",
            "target_history_database_name": "",
            "target_history_table_name": "",
            "target_history_location": "",
            "add_column": [],
            "join_details": "",
            "qc_details": "",
            "drop_column": ""
        },
        "heap_web_kit_downloaded_successfully": {
            "source_database_name": "dl_bronze_dev",
            "source_table_name": "heap_web_kit_downloaded_successfully",
            "is_json_parser_required": "N",
            "json_fields": "",
            "is_deduplicate": "N",
            "combination_keys": "id",
            "is_handle_isdeleted": "N",
            "is_deleted_column": "",
            "is_scd_required": "N",
            "scd_columns": "modified_on,created_on",
            "is_filter_scd": "N",
            "filter_scd_condition": "",
            "scd_drop_columns": "",
            "target_type": "s3",
            "target_write_mode": "overwrite",
            "target_location": "s3://dl-cdl-dev-silver/dl_silver_dev/heap_redshift/heap_web_kit_downloaded_successfully/",
            "rejected_database_name": "",
            "rejected_table_name": "",
            "rejected_table_location": "",
            "target_database_name": "dl_silver_dev",
            "target_table_name": "heap_web_kit_downloaded_successfully",
            "target_history_database_name": "",
            "target_history_table_name": "",
            "target_history_location": "",
            "add_column": [],
            "join_details": "",
            "qc_details": "",
            "drop_column": ""
        }
    },
    "sf_snowflake": {
        "sf_account": {
            "source_database_name": "dl_bronze_dev",
            "source_table_name": "sf_account",
            "is_json_parser_required": "N",
            "json_fields": "",
            "is_deduplicate": "N",
            "combination_keys": "id",
            "is_handle_isdeleted": "N",
            "is_deleted_column": "",
            "is_scd_required": "N",
            "scd_columns": "modified_on,created_on",
            "is_filter_scd": "N",
            "filter_scd_condition": "",
            "scd_drop_columns": "",
            "target_type": "s3",
            "target_write_mode": "overwrite",
            "target_location": "s3://dl-cdl-dev-silver/dl_silver_dev/sf_snowflake/sf_account/",
            "rejected_database_name": "",
            "rejected_table_name": "",
            "rejected_table_location": "",
            "target_database_name": "dl_silver_dev",
            "target_table_name": "sf_account",
            "target_history_database_name": "",
            "target_history_table_name": "",
            "target_history_location": "",
            "add_column": [],
            "join_details": "",
            "qc_details": "",
            "drop_column": ""
        },
        "sf_opportunity": {
            "source_database_name": "dl_bronze_dev",
            "source_table_name": "sf_opportunity",
            "is_json_parser_required": "N",
            "json_fields": "",
            "is_deduplicate": "N",
            "combination_keys": "id",
            "is_handle_isdeleted": "N",
            "is_deleted_column": "",
            "is_scd_required": "N",
            "scd_columns": "modified_on,created_on",
            "is_filter_scd": "N",
            "filter_scd_condition": "",
            "scd_drop_columns": "",
            "target_type": "s3",
            "target_write_mode": "overwrite",
            "target_location": "s3://dl-cdl-dev-silver/dl_silver_dev/sf_snowflake/sf_opportunity/",
            "rejected_database_name": "",
            "rejected_table_name": "",
            "rejected_table_location": "",
            "target_database_name": "dl_silver_dev",
            "target_table_name": "sf_opportunity",
            "target_history_database_name": "",
            "target_history_table_name": "",
            "target_history_location": "",
            "add_column": [],
            "join_details": "",
            "qc_details": "",
            "drop_column": ""
        }
    },
    "mtf_mongodb": {
        "mongo_sync_download_fonts": {
            "source_database_name": "dl_bronze_dev",
            "source_table_name": "mongo_sync_download_fonts",
            "is_json_parser_required": "N",
            "json_fields": "",
            "is_deduplicate": "N",
            "combination_keys": "id",
            "is_handle_isdeleted": "N",
            "is_deleted_column": "",
            "is_scd_required": "N",
            "scd_columns": "modified_on,created_on",
            "is_filter_scd": "N",
            "filter_scd_condition": "",
            "scd_drop_columns": "",
            "target_type": "s3",
            "target_write_mode": "overwrite",
            "target_location": "s3://dl-cdl-dev-silver/dl_silver_dev/mtf_mongodb/mongo_sync_download_fonts/",
            "rejected_database_name": "",
            "rejected_table_name": "",
            "rejected_table_location": "",
            "target_database_name": "dl_silver_dev",
            "target_table_name": "mongo_sync_download_fonts",
            "target_history_database_name": "",
            "target_history_table_name": "",
            "target_history_location": "",
            "add_column": [],
            "join_details": "",
            "qc_details": "",
            "drop_column": ""
        },
        "mongo_mtf_fonts_inventory": {
            "source_database_name": "dl_bronze_dev",
            "source_table_name": "mongo_mtf_fonts_inventory",
            "is_json_parser_required": "N",
            "json_fields": "",
            "is_deduplicate": "Y",
            "combination_keys": "id",
            "is_handle_isdeleted": "N",
            "is_deleted_column": "",
            "is_scd_required": "N",
            "scd_columns": "modified_on,created_on",
            "is_filter_scd": "N",
            "filter_scd_condition": "",
            "scd_drop_columns": "",
            "target_type": "s3",
            "target_write_mode": "overwrite",
            "target_location": "s3://dl-cdl-dev-silver/dl_silver_dev/mtf_mongodb/mongo_mtf_fonts_inventory/",
            "rejected_database_name": "",
            "rejected_table_name": "",
            "rejected_table_location": "",
            "target_database_name": "dl_silver_dev",
            "target_table_name": "mongo_mtf_fonts_inventory",
            "target_history_database_name": "",
            "target_history_table_name": "",
            "target_history_location": "",
            "add_column": [],
            "join_details": "",
            "qc_details": "",
            "drop_column": ""
        },
        "mongo_mtf_fonts_familyproducts": {
            "source_database_name": "dl_bronze_dev",
            "source_table_name": "mongo_mtf_fonts_familyproducts",
            "is_json_parser_required": "N",
            "json_fields": "",
            "is_deduplicate": "Y",
            "combination_keys": "id",
            "is_handle_isdeleted": "N",
            "is_deleted_column": "",
            "is_scd_required": "N",
            "scd_columns": "",
            "is_filter_scd": "N",
            "filter_scd_condition": "",
            "scd_drop_columns": "",
            "target_type": "s3",
            "target_write_mode": "overwrite",
            "target_location": "s3://dl-cdl-dev-silver/dl_silver_dev/mtf_mongodb/mongo_mtf_fonts_familyproducts/",
            "rejected_database_name": "",
            "rejected_table_name": "",
            "rejected_table_location": "",
            "target_database_name": "dl_silver_dev",
            "target_table_name": "mongo_mtf_fonts_familyproducts",
            "target_history_database_name": "",
            "target_history_table_name": "",
            "target_history_location": "",
            "add_column": [],
            "join_details": "",
            "qc_details": "",
            "drop_column": ""
        }
    },
    "usagedb_s3": {
        "usage_customercontract": {
            "source_database_name": "dl_bronze_dev",
            "source_table_name": "usage_customercontract",
            "is_json_parser_required": "N",
            "json_fields": "",
            "is_deduplicate": "N",
            "combination_keys": "",
            "is_handle_isdeleted": "N",
            "is_deleted_column": "",
            "is_scd_required": "N",
            "scd_columns": "",
            "is_filter_scd": "N",
            "filter_scd_condition": "",
            "scd_drop_columns": "",
            "target_type": "s3",
            "target_write_mode": "overwrite",
            "target_location": "s3://dl-cdl-dev-silver/dl_silver_dev/mtf_mongodb/usage_customercontract/",
            "rejected_database_name": "",
            "rejected_table_name": "",
            "rejected_table_location": "",
            "target_database_name": "dl_silver_dev",
            "target_table_name": "usage_customercontract",
            "target_history_database_name": "",
            "target_history_table_name": "",
            "target_history_location": "",
            "add_column": [],
            "join_details": "",
            "qc_details": "",
            "drop_column": ""
        },
        "usage_customercontractdetail": {
            "source_database_name": "dl_bronze_dev",
            "source_table_name": "usage_customercontractdetail",
            "is_json_parser_required": "N",
            "json_fields": "",
            "is_deduplicate": "N",
            "combination_keys": "",
            "is_handle_isdeleted": "N",
            "is_deleted_column": "",
            "is_scd_required": "N",
            "scd_columns": "",
            "is_filter_scd": "N",
            "filter_scd_condition": "",
            "scd_drop_columns": "",
            "target_type": "s3",
            "target_write_mode": "overwrite",
            "target_location": "s3://dl-cdl-dev-silver/dl_silver_dev/mtf_mongodb/usage_customercontractdetail/",
            "rejected_database_name": "",
            "rejected_table_name": "",
            "rejected_table_location": "",
            "target_database_name": "dl_silver_dev",
            "target_table_name": "usage_customercontractdetail",
            "target_history_database_name": "",
            "target_history_table_name": "",
            "target_history_location": "",
            "add_column": [],
            "join_details": "",
            "qc_details": "",
            "drop_column": ""
        },
        "usage_customercontractinventoryselection": {
            "source_database_name": "dl_bronze_dev",
            "source_table_name": "usage_customercontractinventoryselection",
            "is_json_parser_required": "N",
            "json_fields": "",
            "is_deduplicate": "N",
            "combination_keys": "",
            "is_handle_isdeleted": "N",
            "is_deleted_column": "",
            "is_scd_required": "N",
            "scd_columns": "",
            "is_filter_scd": "N",
            "filter_scd_condition": "",
            "scd_drop_columns": "",
            "target_type": "s3",
            "target_write_mode": "overwrite",
            "target_location": "s3://dl-cdl-dev-silver/dl_silver_dev/mtf_mongodb/usage_customercontractinventoryselection/",
            "rejected_database_name": "",
            "rejected_table_name": "",
            "rejected_table_location": "",
            "target_database_name": "dl_silver_dev",
            "target_table_name": "usage_customercontractinventoryselection",
            "target_history_database_name": "",
            "target_history_table_name": "",
            "target_history_location": "",
            "add_column": [],
            "join_details": "",
            "qc_details": "",
            "drop_column": ""
        },
        "usage_fontnamed": {
            "source_database_name": "dl_bronze_dev",
            "source_table_name": "usage_fontnamed",
            "is_json_parser_required": "N",
            "json_fields": "",
            "is_deduplicate": "N",
            "combination_keys": "",
            "is_handle_isdeleted": "N",
            "is_deleted_column": "",
            "is_scd_required": "N",
            "scd_columns": "",
            "is_filter_scd": "N",
            "filter_scd_condition": "",
            "scd_drop_columns": "",
            "target_type": "s3",
            "target_write_mode": "overwrite",
            "target_location": "s3://dl-cdl-dev-silver/dl_silver_dev/mtf_mongodb/usage_fontnamed/",
            "rejected_database_name": "",
            "rejected_table_name": "",
            "rejected_table_location": "",
            "target_database_name": "dl_silver_dev",
            "target_table_name": "usage_fontnamed",
            "target_history_database_name": "",
            "target_history_table_name": "",
            "target_history_location": "",
            "add_column": [],
            "join_details": "",
            "qc_details": "",
            "drop_column": ""
        }
    },
    "pageview_daily_api": {
        "daily_pageview_api_load": {
            "source_database_name": "dl_bronze_dev",
            "source_table_name": "daily_pageview_api_load",
            "is_json_parser_required": "N",
            "json_fields": "",
            "is_deduplicate": "N",
            "combination_keys": "",
            "is_handle_isdeleted": "N",
            "is_deleted_column": "",
            "is_scd_required": "N",
            "scd_columns": "",
            "is_filter_scd": "N",
            "filter_scd_condition": "",
            "scd_drop_columns": "",
            "target_type": "s3",
            "target_write_mode": "overwrite",
            "target_location": "s3://dl-cdl-dev-silver/dl_silver_dev/mtf_mongodb/daily_pageview_api_load/",
            "rejected_database_name": "",
            "rejected_table_name": "",
            "rejected_table_location": "",
            "target_database_name": "dl_silver_dev",
            "target_table_name": "daily_pageview_api_load",
            "target_history_database_name": "",
            "target_history_table_name": "",
            "target_history_location": "",
            "add_column": [],
            "join_details": "",
            "qc_details": "",
            "drop_column": ""
        }
    }
}