{
    "platform_mysql": {
        "pf_user_management_externaluser_map": {
            "source_database_name": "dl_bronze_dev",
            "source_table_name": "pf_user_management_externaluser_map",
            "is_json_parser_required": "Y",
            "json_fields": [
                {
                    "json_column": "meta",
                    "json_schema": {
                        "salesforceContactId": "String",
                        "avatarType": "Integer"
                    }
                }
            ],
            "is_deduplicate": "Y",
            "combination_keys": "user_id",
            "is_handle_isdeleted": "N",
            "is_deleted_column": "",
            "is_scd_required": "N",
            "scd_columns": "",
            "is_filter_scd": "Y",
            "filter_scd_condition": "is_deleted = 'N'",
            "scd_drop_columns": "is_deleted,deleted_on",
            "target_type": "s3",
            "target_write_mode": "overwrite",
            "target_location": "s3://dl-cdl-dev-silver/dl_silver_dev/platform_mysql/pf_user_management_externaluser_map/",
            "rejected_database_name": "dl_silver_dev",
            "rejected_table_name": "pf_user_management_externaluser_map_rejected",
            "rejected_table_location": "s3://dl-cdl-dev-silver/rejected_data/platform_mysql/pf_user_management_externaluser_map_rejected/",
            "target_database_name": "dl_silver_dev",
            "target_table_name": "pf_user_management_externaluser_map",
            "target_history_database_name": "",
            "target_history_table_name": "",
            "target_history_location": "",
            "add_column": [],
            "join_details": "",
            "qc_details": {
                "valid_email_id_check": {
                    "quality_check_condition": "email not like '%test%' and email not like '%monotype%' and email not like '%mem.%'",
                    "description": "users with anonymous email to be restricted",
                    "restrict_data": "Y",
                    "send_notification": "Y"
                }
            },
            "drop_column": ""
        },
        "pf_user_management_profiles": {
            "source_database_name": "dl_bronze_dev",
            "source_table_name": "pf_user_management_profiles",
            "is_json_parser_required": "N",
            "json_fields": "",
            "is_deduplicate": "Y",
            "combination_keys": "id",
            "is_handle_isdeleted": "N",
            "is_deleted_column": "",
            "is_scd_required": "Y",
            "scd_columns": "modified_on,created_on",
            "is_filter_scd": "N",
            "filter_scd_condition": "",
            "scd_drop_columns": "",
            "target_type": "s3",
            "target_write_mode": "overwrite",
            "target_location": "s3://dl-cdl-dev-silver/dl_silver_dev/platform_mysql/pf_user_management_profiles/",
            "rejected_database_name": "",
            "rejected_table_name": "",
            "rejected_table_location": "",
            "target_database_name": "dl_silver_dev",
            "target_table_name": "pf_user_management_profiles",
            "target_history_database_name": "dl_silver_dev",
            "target_history_table_name": "pf_user_management_profiles_hist",
            "target_history_location": "s3://dl-cdl-dev-silver/dl_silver_dev/platform_mysql/pf_user_management_profiles_hist/",
            "join_details": "",
            "add_column": [],
            "qc_details": "",
            "drop_column": ""
        },
        "pf_customer_management_customers": {
            "source_database_name": "dl_bronze_dev",
            "source_table_name": "pf_customer_management_customers",
            "is_json_parser_required": "Y",
            "json_fields": [
                {
                    "json_column": "metaData",
                    "json_schema": {
                        "sapId": "String",
                        "isExpired": "Boolean",
                        "onboarding": "json",
                        "salesforceId": "String",
                        "hasCustomLogo": "Boolean",
                        "primaryContactId": "String",
                        "isDivisionEnabled": "Boolean",
                        "previousMosaicDTStatus": "Boolean",
                        "divisionVerbiage": "String",
                        "lastAcceptedEULAId": "String",
                        "isFEXAllowed": "Boolean",
                        "previousFexStatus": "Boolean",
                        "allowSkyfontInstall": "Boolean",
                        "previousSkyFontStatus": "Boolean",
                        "isSkyFontAdvanceInstall": "Boolean",
                        "isAgency": "Boolean",
                        "allowDomainMapping": "Boolean"
                    }
                }
            ],
            "is_deduplicate": "Y",
            "combination_keys": "id",
            "is_handle_isdeleted": "N",
            "is_deleted_column": "",
            "is_scd_required": "Y",
            "scd_columns": "modified_on,created_on",
            "is_filter_scd": "N",
            "filter_scd_condition": "",
            "scd_drop_columns": "",
            "target_type": "s3",
            "target_write_mode": "overwrite",
            "target_location": "s3://dl-cdl-dev-silver/dl_silver_dev/platform_mysql/pf_customer_management_customers/",
            "rejected_database_name": "dl_silver_dev",
            "rejected_table_name": "pf_customer_management_customers_rejected",
            "rejected_table_location": "s3://dl-cdl-dev-silver/rejected_data/platform_mysql/pf_customer_management_customers_rejected/",
            "target_database_name": "dl_silver_dev",
            "target_table_name": "pf_customer_management_customers",
            "target_history_database_name": "dl_silver_dev",
            "target_history_table_name": "pf_customer_management_customers_hist",
            "target_history_location": "s3://dl-cdl-dev-silver/dl_silver_dev/platform_mysql/pf_customer_management_customers_hist/",
            "add_column": [],
            "join_details": {
                "join_with_deleted_cust": {
                    "db_name": "dl_bronze_dev",
                    "table_name": "pf_customer_management_deleted_customers",
                    "join_condition": "a.id = b.id",
                    "take_column": "case when b.id is not null then 'Y' else 'N' end as is_deleted,b.deleted_on"
                },
                "join_with_profiles": {
                    "db_name": "dl_silver_dev",
                    "table_name": "pf_user_management_profiles",
                    "join_condition": "a.primarycontactid = b.id",
                    "take_column": "b.user_id"
                },
                "join_with_external_user_id": {
                    "db_name": "dl_silver_dev",
                    "table_name": "pf_user_management_externaluser_map",
                    "join_condition": "a.user_id = b.user_id",
                    "take_column": "case when b.user_id is null then 'N' else 'Y' end as is_valid_email"
                }
            },
            "qc_details": {
                "customers_name_check": {
                    "quality_check_condition": "name not like '%test%' and name not like '%monotype%' ",
                    "description": "customers with anonymous name to be restricted",
                    "restrict_data": "Y",
                    "send_notification": "Y"
                },
                "valid_email_id_check": {
                    "quality_check_condition": "is_valid_email <> 'N'",
                    "description": "customers with anonymous email to be restricted",
                    "restrict_data": "Y",
                    "send_notification": "Y"
                },
                "sap_id_not_null_check": {
                    "quality_check_condition": "(source='offline' and sapid is not null) or (source='online')",
                    "description": "offline customers with empty SAP ID",
                    "restrict_data": "N",
                    "send_notification": "Y"
                }
            },
            "drop_column": "user_id,is_valid_email"
        },
        "pf_asset_management_assets": {
            "source_database_name": "dl_bronze_dev",
            "source_table_name": "pf_asset_management_assets",
            "is_json_parser_required": "Y",
            "json_fields": [
                {
                    "json_column": "meta_data",
                    "json_schema": {
                        "fontFormatSelection": "json",
                        "domains": "String",
                        "contactId": "Long",
                        "isProduction": "Boolean",
                        "markedAutomatically": "Boolean",
                        "v2": "Boolean",
                        "subsetInfo": "Array(json)"
                    }
                }
            ],
            "is_deduplicate": "N",
            "combination_keys": "asset_id",
            "is_handle_isdeleted": "N",
            "is_deleted_column": "",
            "is_scd_required": "N",
            "scd_columns": "",
            "is_filter_scd": "N",
            "filter_scd_condition": "",
            "scd_drop_columns": "",
            "target_type": "s3",
            "target_write_mode": "overwrite",
            "target_location": "s3://dl-cdl-dev-silver/dl_silver_dev/platform_mysql/pf_asset_management_assets/",
            "rejected_database_name": "",
            "rejected_table_name": "",
            "rejected_table_location": "",
            "target_database_name": "dl_silver_dev",
            "target_table_name": "pf_asset_management_assets",
            "target_history_database_name": "",
            "target_history_table_name": "",
            "target_history_location": "",
            "add_column": [],
            "join_details": {
                "join_with_cust": {
                    "db_name": "dl_bronze_dev",
                    "table_name": "pf_asset_management_assets_archive",
                    "join_condition": "a.asset_id = b.asset_id",
                    "take_column": "case when b.asset_id is not null then 'Y' else 'N' end as is_deleted"
                }
            },
            "qc_details": "",
            "drop_column": ""
        },
        "pf_asset_management_projects": {
            "source_database_name": "dl_bronze_dev",
            "source_table_name": "pf_asset_management_projects",
            "is_json_parser_required": "N",
            "json_fields": "",
            "is_deduplicate": "Y",
            "combination_keys": "id",
            "is_handle_isdeleted": "N",
            "is_deleted_column": "",
            "is_scd_required": "N",
            "scd_columns": "",
            "is_filter_scd": "N",
            "filter_scd_condition": "",
            "scd_drop_columns": "",
            "target_type": "s3",
            "target_write_mode": "overwrite",
            "target_location": "s3://dl-cdl-dev-silver/dl_silver_dev/platform_mysql/pf_asset_management_projects/",
            "rejected_database_name": "",
            "rejected_table_name": "",
            "rejected_table_location": "",
            "target_database_name": "dl_silver_dev",
            "target_table_name": "pf_asset_management_projects",
            "target_history_database_name": "",
            "target_history_table_name": "",
            "target_history_location": "",
            "add_column": [],
            "join_details": {
                "join_with_cust": {
                    "db_name": "dl_bronze_dev",
                    "table_name": "pf_asset_management_projects_archival",
                    "join_condition": "a.id = b.id",
                    "take_column": "case when b.id is not null then 'Y' else 'N' end as is_deleted"
                }
            },
            "qc_details": "",
            "drop_column": ""
        },
        "pf_asset_management_project_assets": {
            "source_database_name": "dl_bronze_dev",
            "source_table_name": "pf_asset_management_project_assets",
            "is_json_parser_required": "N",
            "json_fields": "",
            "is_deduplicate": "N",
            "combination_keys": "asset_id,project_id",
            "is_handle_isdeleted": "N",
            "is_deleted_column": "",
            "is_scd_required": "N",
            "scd_columns": "",
            "is_filter_scd": "N",
            "filter_scd_condition": "",
            "scd_drop_columns": "",
            "target_type": "s3",
            "target_write_mode": "overwrite",
            "target_location": "s3://dl-cdl-dev-silver/dl_silver_dev/platform_mysql/pf_asset_management_project_assets/",
            "rejected_database_name": "",
            "rejected_table_name": "",
            "rejected_table_location": "",
            "target_database_name": "dl_silver_dev",
            "target_table_name": "pf_asset_management_project_assets",
            "target_history_database_name": "",
            "target_history_table_name": "",
            "target_history_location": "",
            "add_column": [],
            "join_details": {
                "join_with_cust": {
                    "db_name": "dl_bronze_dev",
                    "table_name": "pf_asset_management_project_assets_archival",
                    "join_condition": "a.asset_id = b.asset_id and a.project_id = b.project_id",
                    "take_column": "case when b.asset_id is not null and b.project_id is not null then 'Y' else 'N' end as is_deleted"
                }
            },
            "qc_details": "",
            "drop_column": ""
        }
    }
}