{
	"email_notification" : {
		"secret_name" : "dl_cdl_email_smtp_credentials",
		"sender_email" : "no-reply@monotype.com",
		"sender_name" : "License Management Notification",
		"recipient_emailids" : ["stephen.raj-brillio@monotype.com","angeswaran.shanmugasundaram-brillio@monotype.com","abhishek.dewangan-brillio@monotype.com","priyanka.sankannawar-brillio@monotype.com","abhilash.h-brillio@monotype.com"]
	},
	"lm_control_table_rds" : {
		"secret_name" : "lm_cdl_rds_mysql",
		"db_driver" : "com.mysql.cj.jdbc.Driver",
		"control_table" : "lm_cdl_incremental_control",
		"jdbc_driver_path" : "mysql-connector-java-8.0.27.jar"
	}
}