{
    "data_sources": [
        {
            "data_source": "platform_mysql",
            "databases": [
                {
                    "databasename": "customer_management",
                    "secret_name": "dl_cdl_customer_management_mysql",
                    "table_details": [
                        {
                            "source_table_name": "customers",
                            "select_column": "id, name, display_name, source, created_on, created_by, modified_on, modified_by, metaData",
                            "is_archive": "N",
                            "source_archive_bucket": "dl-cdl-dev-bronze",
                            "target_archive_bucket": "dl-cdl-dev-bronze",
                            "archive_location": "dl_bronze_dev/data_archive/platform_mysql/customer_management/customers/",
                            "archive_duration": "10",
                            "load_type": "I",
                            "cdc_column": "modified_on, created_on",
                            "target_type": "s3",
                            "target_write_mode": "overwrite",
                            "target_partition_col": "load_date",
                            "target_repartition_no": "1",
                            "target_location": "s3://dl-cdl-dev-bronze/dl_bronze_dev/platform_mysql/customer_management/customers/",
                            "target_database_name": "dl_bronze_dev",
                            "target_table_name": "pf_customer_management_customers",
                            "is_hold": "N"
                        },
                        {
                            "source_table_name": "customer_subscription",
                            "select_column": "id, customer_id, plan_definition, product_type, seats_available, termination_date, is_deleted, is_trial, created_on, created_by, modified_on, modified_by",
                            "is_archive": "N",
                            "source_archive_bucket": "dl-cdl-dev-bronze",
                            "target_archive_bucket": "dl-cdl-dev-bronze",
                            "archive_location": "dl_bronze_dev/data_archive/platform_mysql/customer_management/customer_subscription/",
                            "archive_duration": "10",
                            "load_type": "I",
                            "cdc_column": "modified_on, created_on",
                            "target_type": "s3",
                            "target_write_mode": "overwrite",
                            "target_partition_col": "load_date",
                            "target_repartition_no": "1",
                            "target_location": "s3://dl-cdl-dev-bronze/dl_bronze_dev/platform_mysql/customer_management/customer_subscription/",
                            "target_database_name": "dl_bronze_dev",
                            "target_table_name": "pf_customer_management_customer_subscription",
                            "is_hold": "N"
                        },
                        {
                            "source_table_name": "externalcustomer_map",
                            "select_column": "application_id, external_id, identity_provider_id, customer_id, is_deleted, created_on, created_by, modified_on, modified_by",
                            "is_archive": "N",
                            "source_archive_bucket": "dl-cdl-dev-bronze",
                            "target_archive_bucket": "dl-cdl-dev-bronze",
                            "archive_location": "dl_bronze_dev/data_archive/platform_mysql/customer_management/externalcustomer_map/",
                            "archive_duration": "10",
                            "load_type": "I",
                            "cdc_column": "modified_on, created_on",
                            "target_type": "s3",
                            "target_write_mode": "overwrite",
                            "target_partition_col": "load_date",
                            "target_repartition_no": "1",
                            "target_location": "s3://dl-cdl-dev-bronze/dl_bronze_dev/platform_mysql/customer_management/externalcustomer_map/",
                            "target_database_name": "dl_bronze_dev",
                            "target_table_name": "pf_customer_management_externalcustomer_map",
                            "is_hold": "N"
                        },
                        {
                            "source_table_name": "customerhierarchy_map",
                            "select_column": "application_id, customer_id, parent_id, is_deleted, created_on, created_by, modified_on, modified_by",
                            "is_archive": "N",
                            "source_archive_bucket": "dl-cdl-dev-bronze",
                            "target_archive_bucket": "dl-cdl-dev-bronze",
                            "archive_location": "dl_bronze_dev/data_archive/platform_mysql/customer_management/customerhierarchy_map/",
                            "archive_duration": "10",
                            "load_type": "I",
                            "cdc_column": "modified_on, created_on",
                            "target_type": "s3",
                            "target_write_mode": "overwrite",
                            "target_partition_col": "load_date",
                            "target_repartition_no": "1",
                            "target_location": "s3://dl-cdl-dev-bronze/dl_bronze_dev/platform_mysql/customer_management/customerhierarchy_map/",
                            "target_database_name": "dl_bronze_dev",
                            "target_table_name": "pf_customer_management_customerhierarchy_map",
                            "is_hold": "N"
                        },
                        {
                            "source_table_name": "deleted_customers",
                            "select_column": "id, name, source, created_on, created_by, deleted_on, deleted_by, metaData",
                            "is_archive": "N",
                            "source_archive_bucket": "dl-cdl-dev-bronze",
                            "target_archive_bucket": "dl-cdl-dev-bronze",
                            "archive_location": "dl_bronze_dev/data_archive/platform_mysql/customer_management/deleted_customers/",
                            "archive_duration": "10",
                            "load_type": "I",
                            "cdc_column": "deleted_on",
                            "target_type": "s3",
                            "target_write_mode": "overwrite",
                            "target_partition_col": "load_date",
                            "target_repartition_no": "1",
                            "target_location": "s3://dl-cdl-dev-bronze/dl_bronze_dev/platform_mysql/customer_management/deleted_customers/",
                            "target_database_name": "dl_bronze_dev",
                            "target_table_name": "pf_customer_management_deleted_customers",
                            "is_hold": "N"
                        }
                    ]
                },
                {
                    "databasename": "user_management",
                    "secret_name": "dl_cdl_customer_management_mysql",
                    "table_details": [
                        {
                            "source_table_name": "externaluser_map",
                            "select_column": "bin_to_uuid(user_id) as user_id, idp_user_id, externaluser_id, first_name, last_name, email, is_deleted, meta, created_on, modified_by, modified_on",
                            "is_archive": "N",
                            "source_archive_bucket": "dl-cdl-dev-bronze",
                            "target_archive_bucket": "dl-cdl-dev-bronze",
                            "archive_location": "dl_bronze_dev/data_archive/platform_mysql/user_management/externaluser_map/",
                            "archive_duration": "10",
                            "load_type": "I",
                            "cdc_column": "modified_on, created_on",
                            "target_type": "s3",
                            "target_write_mode": "overwrite",
                            "target_partition_col": "load_date",
                            "target_repartition_no": "1",
                            "target_location": "s3://dl-cdl-dev-bronze/dl_bronze_dev/platform_mysql/user_management/externaluser_map/",
                            "target_database_name": "dl_bronze_dev",
                            "target_table_name": "pf_user_management_externaluser_map",
                            "is_hold": "N"
                        },
                        {
                            "source_table_name": "profiles",
                            "select_column": "bin_to_uuid(id) as id, bin_to_uuid(user_id) as user_id, bin_to_uuid(role_id) as role_id, bin_to_uuid(customer_id) as customer_id, is_active, created_on, modified_by, modified_on",
                            "is_archive": "N",
                            "source_archive_bucket": "dl-cdl-dev-bronze",
                            "target_archive_bucket": "dl-cdl-dev-bronze",
                            "archive_location": "dl_bronze_dev/data_archive/platform_mysql/user_management/profiles/",
                            "archive_duration": "10",
                            "load_type": "I",
                            "cdc_column": "modified_on, created_on",
                            "target_type": "s3",
                            "target_write_mode": "overwrite",
                            "target_partition_col": "load_date",
                            "target_repartition_no": "1",
                            "target_location": "s3://dl-cdl-dev-bronze/dl_bronze_dev/platform_mysql/user_management/profiles/",
                            "target_database_name": "dl_bronze_dev",
                            "target_table_name": "pf_user_management_profiles",
                            "is_hold": "N"
                        },
                        {
                            "source_table_name": "roles",
                            "select_column": "bin_to_uuid(id) as id, display_name, type_id, description, bin_to_uuid(customer_id) as customer_id, created_by, created_on, modified_by, modified_on",
                            "is_archive": "N",
                            "source_archive_bucket": "dl-cdl-dev-bronze",
                            "target_archive_bucket": "dl-cdl-dev-bronze",
                            "archive_location": "dl_bronze_dev/data_archive/platform_mysql/user_management/roles/",
                            "archive_duration": "10",
                            "load_type": "I",
                            "cdc_column": "modified_on, created_on",
                            "target_type": "s3",
                            "target_write_mode": "overwrite",
                            "target_partition_col": "load_date",
                            "target_repartition_no": "1",
                            "target_location": "s3://dl-cdl-dev-bronze/dl_bronze_dev/platform_mysql/user_management/roles/",
                            "target_database_name": "dl_bronze_dev",
                            "target_table_name": "pf_user_management_roles",
                            "is_hold": "N"
                        },
                        {
                            "source_table_name": "permissions",
                            "select_column": "id, name, description",
                            "is_archive": "Y",
                            "source_archive_bucket": "dl-cdl-dev-bronze",
                            "target_archive_bucket": "dl-cdl-dev-bronze",
                            "archive_location": "dl_bronze_dev/data_archive/platform_mysql/user_management/permissions/",
                            "archive_duration": "10",
                            "load_type": "F",
                            "cdc_column": "modified_on, created_on",
                            "target_type": "s3",
                            "target_write_mode": "overwrite",
                            "target_partition_col": "load_date",
                            "target_repartition_no": "1",
                            "target_location": "s3://dl-cdl-dev-bronze/dl_bronze_dev/platform_mysql/user_management/permissions/",
                            "target_database_name": "dl_bronze_dev",
                            "target_table_name": "pf_user_management_permissions",
                            "is_hold": "N"
                        },
                        {
                            "source_table_name": "role_permissions_mapping",
                            "select_column": "bin_to_uuid(role_id) as role_id, permission_id",
                            "is_archive": "Y",
                            "source_archive_bucket": "dl-cdl-dev-bronze",
                            "target_archive_bucket": "dl-cdl-dev-bronze",
                            "archive_location": "dl_bronze_dev/data_archive/platform_mysql/user_management/role_permissions_mapping/",
                            "archive_duration": "10",
                            "load_type": "F",
                            "cdc_column": "modified_on, created_on",
                            "target_type": "s3",
                            "target_write_mode": "overwrite",
                            "target_partition_col": "load_date",
                            "target_repartition_no": "1",
                            "target_location": "s3://dl-cdl-dev-bronze/dl_bronze_dev/platform_mysql/user_management/role_permissions_mapping/",
                            "target_database_name": "dl_bronze_dev",
                            "target_table_name": "pf_user_management_role_permissions_mapping",
                            "is_hold": "N"
                        },
                        {
                            "source_table_name": "teams",
                            "select_column": "id, name, description, bin_to_uuid(customer_id) as customer_id, created_by, created_on, modified_by, modified_on",
                            "is_archive": "N",
                            "source_archive_bucket": "dl-cdl-dev-bronze",
                            "target_archive_bucket": "dl-cdl-dev-bronze",
                            "archive_location": "dl_bronze_dev/data_archive/platform_mysql/user_management/teams/",
                            "archive_duration": "10",
                            "load_type": "I",
                            "cdc_column": "modified_on, created_on",
                            "target_type": "s3",
                            "target_write_mode": "overwrite",
                            "target_partition_col": "load_date",
                            "target_repartition_no": "1",
                            "target_location": "s3://dl-cdl-dev-bronze/dl_bronze_dev/platform_mysql/user_management/teams/",
                            "target_database_name": "dl_bronze_dev",
                            "target_table_name": "pf_user_management_teams",
                            "is_hold": "N"
                        }
                    ]
                },
                {
                    "databasename": "asset_management",
                    "secret_name": "dl_cdl_customer_management_mysql",
                    "table_details": [
                        {
                            "source_table_name": "assets",
                            "select_column": "asset_id, asset_type, created_by, global_customer_id, created_at, asset_path, asset_level, meta_data",
                            "is_archive": "N",
                            "source_archive_bucket": "dl-cdl-dev-bronze",
                            "target_archive_bucket": "dl-cdl-dev-bronze",
                            "archive_location": "dl_bronze_dev/data_archive/platform_mysql/asset_management/assets/",
                            "archive_duration": "10",
                            "load_type": "I",
                            "cdc_column": "created_at",
                            "target_type": "s3",
                            "target_write_mode": "overwrite",
                            "target_partition_col": "load_date",
                            "target_repartition_no": "1",
                            "target_location": "s3://dl-cdl-dev-bronze/dl_bronze_dev/platform_mysql/asset_management/assets/",
                            "target_database_name": "dl_bronze_dev",
                            "target_table_name": "pf_asset_management_assets",
                            "is_hold": "N"
                        },
                        {
                            "source_table_name": "projects",
                            "select_column": "bin_to_uuid(id) as id, name, description, domains, created_at, updated_at, bin_to_uuid(parent_id) as parent_id",
                            "is_archive": "N",
                            "source_archive_bucket": "dl-cdl-dev-bronze",
                            "target_archive_bucket": "dl-cdl-dev-bronze",
                            "archive_location": "dl_bronze_dev/data_archive/platform_mysql/asset_management/projects/",
                            "archive_duration": "10",
                            "load_type": "I",
                            "cdc_column": "updated_at, created_at",
                            "target_type": "s3",
                            "target_write_mode": "overwrite",
                            "target_partition_col": "load_date",
                            "target_repartition_no": "1",
                            "target_location": "s3://dl-cdl-dev-bronze/dl_bronze_dev/platform_mysql/asset_management/projects/",
                            "target_database_name": "dl_bronze_dev",
                            "target_table_name": "pf_asset_management_projects",
                            "is_hold": "N"
                        },
                        {
                            "source_table_name": "project_assets",
                            "select_column": "asset_id, asset_type, bin_to_uuid(project_id) as project_id, created_at",
                            "is_archive": "N",
                            "source_archive_bucket": "dl-cdl-dev-bronze",
                            "target_archive_bucket": "dl-cdl-dev-bronze",
                            "archive_location": "dl_bronze_dev/data_archive/platform_mysql/asset_management/project_assets/",
                            "archive_duration": "10",
                            "load_type": "I",
                            "cdc_column": "created_at",
                            "target_type": "s3",
                            "target_write_mode": "overwrite",
                            "target_partition_col": "load_date",
                            "target_repartition_no": "1",
                            "target_location": "s3://dl-cdl-dev-bronze/dl_bronze_dev/platform_mysql/asset_management/project_assets/",
                            "target_database_name": "dl_bronze_dev",
                            "target_table_name": "pf_asset_management_project_assets",
                            "is_hold": "N"
                        },
                        {
                            "source_table_name": "projects_Archival",
                            "select_column": "bin_to_uuid(id) as id, name, description, domains, created_at, updated_at, bin_to_uuid(parent_id) as parent_id",
                            "is_archive": "N",
                            "source_archive_bucket": "dl-cdl-dev-bronze",
                            "target_archive_bucket": "dl-cdl-dev-bronze",
                            "archive_location": "dl_bronze_dev/data_archive/platform_mysql/asset_management/projects_Archival/",
                            "archive_duration": "10",
                            "load_type": "I",
                            "cdc_column": "updated_at, created_at",
                            "target_type": "s3",
                            "target_write_mode": "overwrite",
                            "target_partition_col": "load_date",
                            "target_repartition_no": "1",
                            "target_location": "s3://dl-cdl-dev-bronze/dl_bronze_dev/platform_mysql/asset_management/projects_Archival/",
                            "target_database_name": "dl_bronze_dev",
                            "target_table_name": "pf_asset_management_projects_archival",
                            "is_hold": "N"
                        },
                        {
                            "source_table_name": "assets_archive",
                            "select_column": "asset_id, asset_type, created_by, global_customer_id, created_at, asset_path, asset_level, meta_data",
                            "is_archive": "Y",
                            "source_archive_bucket": "dl-cdl-dev-bronze",
                            "target_archive_bucket": "dl-cdl-dev-bronze",
                            "archive_location": "dl_bronze_dev/data_archive/platform_mysql/asset_management/pf_asset_management_assets_archive/",
                            "archive_duration": "10",
                            "load_type": "F",
                            "cdc_column": "updated_at, created_at",
                            "target_type": "s3",
                            "target_write_mode": "overwrite",
                            "target_partition_col": "load_date",
                            "target_repartition_no": "1",
                            "target_location": "s3://dl-cdl-dev-bronze/dl_bronze_dev/platform_mysql/asset_management/pf_asset_management_assets_archive/",
                            "target_database_name": "dl_bronze_dev",
                            "target_table_name": "pf_asset_management_assets_archive",
                            "is_hold": "N"
                        },
                        {
                            "source_table_name": "project_assets_Archival",
                            "select_column": "asset_id, asset_type, bin_to_uuid(project_id) as project_id, created_at",
                            "is_archive": "Y",
                            "source_archive_bucket": "dl-cdl-dev-bronze",
                            "target_archive_bucket": "dl-cdl-dev-bronze",
                            "archive_location": "dl_bronze_dev/data_archive/platform_mysql/asset_management/pf_asset_management_project_assets_archival/",
                            "archive_duration": "10",
                            "load_type": "F",
                            "cdc_column": "updated_at, created_at",
                            "target_type": "s3",
                            "target_write_mode": "overwrite",
                            "target_partition_col": "load_date",
                            "target_repartition_no": "1",
                            "target_location": "s3://dl-cdl-dev-bronze/dl_bronze_dev/platform_mysql/asset_management/pf_asset_management_project_assets_archival/",
                            "target_database_name": "dl_bronze_dev",
                            "target_table_name": "pf_asset_management_project_assets_archival",
                            "is_hold": "N"
                        }
                    ]
                },
                {
                    "databasename": "syncservice_mosaic",
                    "secret_name": "dl_cdl_syncservice",
                    "table_details": [
                        {
                            "source_table_name": "User",
                            "select_column": "*",
                            "is_archive": "N",
                            "source_archive_bucket": "dl-cdl-dev-bronze",
                            "target_archive_bucket": "dl-cdl-dev-bronze",
                            "archive_location": "dl_bronze_dev/data_archive/platform_mysql/syncservice_mosaic/user/",
                            "archive_duration": "10",
                            "load_type": "I",
                            "cdc_column": "modifieddatetime",
                            "target_type": "s3",
                            "target_write_mode": "overwrite",
                            "target_partition_col": "load_date",
                            "target_repartition_no": "1",
                            "target_location": "s3://dl-cdl-dev-bronze/dl_bronze_dev/platform_mysql/syncservice_mosaic/user/",
                            "target_database_name": "dl_bronze_dev",
                            "target_table_name": "pf_syncservice_mosaic_user",
                            "is_hold": "N"
                        },
                        {
                            "source_table_name": "UserAssetDetail",
                            "select_column": "*",
                            "is_archive": "N",
                            "source_archive_bucket": "dl-cdl-dev-bronze",
                            "target_archive_bucket": "dl-cdl-dev-bronze",
                            "archive_location": "dl_bronze_dev/data_archive/platform_mysql/syncservice_mosaic/userassetdetail/",
                            "archive_duration": "10",
                            "load_type": "I",
                            "cdc_column": "modifieddatetime",
                            "target_type": "s3",
                            "target_write_mode": "overwrite",
                            "target_partition_col": "load_date",
                            "target_repartition_no": "1",
                            "target_location": "s3://dl-cdl-dev-bronze/dl_bronze_dev/platform_mysql/syncservice_mosaic/userassetdetail/",
                            "target_database_name": "dl_bronze_dev",
                            "target_table_name": "pf_syncservice_mosaic_userassetdetail",
                            "is_hold": "N"
                        },
                        {
                            "source_table_name": "FontAsset",
                            "select_column": "*",
                            "is_archive": "N",
                            "source_archive_bucket": "dl-cdl-dev-bronze",
                            "target_archive_bucket": "dl-cdl-dev-bronze",
                            "archive_location": "dl_bronze_dev/data_archive/platform_mysql/syncservice_mosaic/fontasset/",
                            "archive_duration": "10",
                            "load_type": "I",
                            "cdc_column": "modifieddatetime",
                            "target_type": "s3",
                            "target_write_mode": "overwrite",
                            "target_partition_col": "load_date",
                            "target_repartition_no": "1",
                            "target_location": "s3://dl-cdl-dev-bronze/dl_bronze_dev/platform_mysql/syncservice_mosaic/fontasset/",
                            "target_database_name": "dl_bronze_dev",
                            "target_table_name": "pf_syncservice_mosaic_fontasset",
                            "is_hold": "N"
                        }
                    ]
                }
            ]
        },
        {
            "data_source": "heap_redshift",
            "databases": [
                {
                    "databasename": "heap",
                    "secret_name": "dl_cdl_heap_redshift",
                    "table_details": [
                        {
                            "source_table_name": "all_events",
                            "schema": "mosaic_production",
                            "select_column": "*",
                            "is_archive": "Y",
                            "source_archive_bucket": "dl-cdl-dev-bronze",
                            "target_archive_bucket": "dl-cdl-dev-bronze",
                            "archive_location": "dl_bronze_dev/data_archive/heap_redshift/heap/all_events/",
                            "archive_duration": "10",
                            "load_type": "F",
                            "cdc_column": "",
                            "target_type": "s3",
                            "target_write_mode": "overwrite",
                            "target_partition_col": "load_date",
                            "target_repartition_no": "1",
                            "target_location": "s3://dl-cdl-dev-bronze/dl_bronze_dev/heap_redshift/heap/all_events/",
                            "target_database_name": "dl_bronze_dev",
                            "target_table_name": "heap_all_events",
                            "is_hold": "N"
                        },
                        {
                            "source_table_name": "users",
                            "schema": "mosaic_production",
                            "select_column": "*",
                            "is_archive": "Y",
                            "source_archive_bucket": "dl-cdl-dev-bronze",
                            "target_archive_bucket": "dl-cdl-dev-bronze",
                            "archive_location": "dl_bronze_dev/data_archive/heap_redshift/heap/users/",
                            "archive_duration": "10",
                            "load_type": "F",
                            "cdc_column": "created_on, modified_on",
                            "target_type": "s3",
                            "target_write_mode": "overwrite",
                            "target_partition_col": "load_date",
                            "target_repartition_no": "1",
                            "target_location": "s3://dl-cdl-dev-bronze/dl_bronze_dev/heap_redshift/heap/users/",
                            "target_database_name": "dl_bronze_dev",
                            "target_table_name": "heap_users",
                            "is_hold": "N"
                        },
                        {
                            "source_table_name": "sessions",
                            "schema": "mosaic_production",
                            "select_column": "*",
                            "is_archive": "Y",
                            "source_archive_bucket": "dl-cdl-dev-bronze",
                            "target_archive_bucket": "dl-cdl-dev-bronze",
                            "archive_location": "dl_bronze_dev/data_archive/heap_redshift/heap/sessions/",
                            "archive_duration": "10",
                            "load_type": "F",
                            "cdc_column": "created_on, modified_on",
                            "target_type": "s3",
                            "target_write_mode": "overwrite",
                            "target_partition_col": "load_date",
                            "target_repartition_no": "1",
                            "target_location": "s3://dl-cdl-dev-bronze/dl_bronze_dev/heap_redshift/heap/sessions/",
                            "target_database_name": "dl_bronze_dev",
                            "target_table_name": "heap_sessions",
                            "is_hold": "N"
                        },
                        {
                            "source_table_name": "web_kit_downloaded_successfully",
                            "schema": "mosaic_production",
                            "select_column": "*",
                            "is_archive": "Y",
                            "source_archive_bucket": "dl-cdl-dev-bronze",
                            "target_archive_bucket": "dl-cdl-dev-bronze",
                            "archive_location": "dl_bronze_dev/data_archive/heap_redshift/heap/web_kit_downloaded_successfully/",
                            "archive_duration": "10",
                            "load_type": "F",
                            "cdc_column": "created_on, modified_on",
                            "target_type": "s3",
                            "target_write_mode": "overwrite",
                            "target_partition_col": "load_date",
                            "target_repartition_no": "1",
                            "target_location": "s3://dl-cdl-dev-bronze/dl_bronze_dev/heap_redshift/heap/web_kit_downloaded_successfully/",
                            "target_database_name": "dl_bronze_dev",
                            "target_table_name": "heap_web_kit_downloaded_successfully",
                            "is_hold": "N"
                        }
                    ]
                }
            ]
        },
        {
            "data_source": "sf_snowflake",
            "databases": [
                {
                    "databasename": "fivetran",
                    "table_details": [
                        {
                            "source_table_name": "account",
                            "source_table_schema": "SALESFORCE_FT",
                            "select_column": "*",
                            "is_archive": "N",
                            "source_archive_bucket": "dl-cdl-dev-bronze",
                            "target_archive_bucket": "dl-cdl-dev-bronze",
                            "archive_location": "dl_bronze_dev/data_archive/snowflake/fivetran/sf_account/",
                            "archive_duration": "10",
                            "load_type": "I",
                            "cdc_column": "last_modified_date",
                            "target_type": "s3",
                            "target_write_mode": "overwrite",
                            "target_partition_col": "load_date",
                            "target_repartition_no": "1",
                            "target_location": "s3://dl-cdl-dev-bronze/dl_bronze_dev/snowflake/fivetran/sf_account/",
                            "target_database_name": "dl_bronze_dev",
                            "target_table_name": "sf_account",
                            "is_hold": "N"
                        },
                        {
                            "source_table_name": "opportunity",
                            "source_table_schema": "SALESFORCE_FT",
                            "select_column": "*",
                            "is_archive": "N",
                            "source_archive_bucket": "dl-cdl-dev-bronze",
                            "target_archive_bucket": "dl-cdl-dev-bronze",
                            "archive_location": "dl_bronze_dev/data_archive/snowflake/fivetran/sf_opportunity/",
                            "archive_duration": "10",
                            "load_type": "I",
                            "cdc_column": "last_modified_date",
                            "target_type": "s3",
                            "target_write_mode": "overwrite",
                            "target_partition_col": "load_date",
                            "target_repartition_no": "1",
                            "target_location": "s3://dl-cdl-dev-bronze/dl_bronze_dev/snowflake/fivetran/sf_opportunity/",
                            "target_database_name": "dl_bronze_dev",
                            "target_table_name": "sf_opportunity",
                            "is_hold": "N"
                        },
                        {
                            "source_table_name": "product",
                            "source_table_schema": "SHOPIFY_PROF_MTF",
                            "select_column": "*",
                            "is_archive": "Y",
                            "source_archive_bucket": "dl-cdl-dev-bronze",
                            "target_archive_bucket": "dl-cdl-dev-bronze",
                            "archive_location": "dl_bronze_dev/data_archive/snowflake/fivetran/shopify_product/",
                            "archive_duration": "10",
                            "load_type": "F",
                            "cdc_column": "last_modified_date",
                            "target_type": "s3",
                            "target_write_mode": "overwrite",
                            "target_partition_col": "load_date",
                            "target_repartition_no": "1",
                            "target_location": "s3://dl-cdl-dev-bronze/dl_bronze_dev/snowflake/fivetran/shopify_product/",
                            "target_database_name": "dl_bronze_dev",
                            "target_table_name": "shopify_product",
                            "is_hold": "N"
                        },
                        {
                            "source_table_name": "order_line",
                            "source_table_schema": "SHOPIFY_PROF_MTF",
                            "select_column": "*",
                            "is_archive": "Y",
                            "source_archive_bucket": "dl-cdl-dev-bronze",
                            "target_archive_bucket": "dl-cdl-dev-bronze",
                            "archive_location": "dl_bronze_dev/data_archive/snowflake/fivetran/shopify_order_line/",
                            "archive_duration": "10",
                            "load_type": "F",
                            "cdc_column": "last_modified_date",
                            "target_type": "s3",
                            "target_write_mode": "overwrite",
                            "target_partition_col": "load_date",
                            "target_repartition_no": "1",
                            "target_location": "s3://dl-cdl-dev-bronze/dl_bronze_dev/snowflake/fivetran/shopify_order_line/",
                            "target_database_name": "dl_bronze_dev",
                            "target_table_name": "shopify_order_line",
                            "is_hold": "N"
                        },
                        {
                            "source_table_name": "\"ORDER\"",
                            "source_table_schema": "SHOPIFY_PROF_MTF",
                            "select_column": "*",
                            "is_archive": "Y",
                            "source_archive_bucket": "dl-cdl-dev-bronze",
                            "target_archive_bucket": "dl-cdl-dev-bronze",
                            "archive_location": "dl_bronze_dev/data_archive/snowflake/fivetran/shopify_order/",
                            "archive_duration": "10",
                            "load_type": "F",
                            "cdc_column": "last_modified_date",
                            "target_type": "s3",
                            "target_write_mode": "overwrite",
                            "target_partition_col": "load_date",
                            "target_repartition_no": "1",
                            "target_location": "s3://dl-cdl-dev-bronze/dl_bronze_dev/snowflake/fivetran/shopify_order/",
                            "target_database_name": "dl_bronze_dev",
                            "target_table_name": "shopify_order",
                            "is_hold": "N"
                        }
                    ]
                }
            ]
        },
        {
            "data_source": "mtf_mongodb",
            "databases": [
                {
                    "databasename": "mosaic-report-db",
                    "secret_name": "dl_cdl_mosaic_report_mongodb",
                    "table_details": [
                        {
                            "source_table_name": "fonts",
                            "select_column": "*",
                            "timestamp_columns": [
                                "createdOn"
                            ],
                            "integer_columns": [],
                            "boolean_columns": [],
                            "source_schema_enforce_location": "s3://dl-cdl-dev-bronze/config/schema/json_schema_fonts.json",
                            "is_archive": "N",
                            "source_archive_bucket": "dl-cdl-dev-bronze",
                            "target_archive_bucket": "dl-cdl-dev-bronze",
                            "archive_location": "dl_bronze_dev/data_archive/mongodb/mosaic-report-db/mongo_sync_download_fonts/",
                            "archival_duration": "10",
                            "load_type": "I",
                            "cdc_column": "createdOn",
                            "target_type": "s3",
                            "target_raw_write_mode": "overwrite",
                            "target_write_mode": "overwrite",
                            "target_partition_col": "createdOn_date",
                            "target_repartition_no": "1",
                            "target_raw_location": "s3://dl-cdl-dev-bronze/data_archive/mongodb/mosaic-report-db/mongo_sync_download_fonts/",
                            "target_location": "s3://dl-cdl-dev-bronze/dl_bronze_dev/mongodb/mosaic-report-db/mongo_sync_download_fonts/",
                            "target_database_name": "dl_bronze_dev",
                            "target_raw_table_name": "fonts_raw",
                            "target_table_name": "mongo_sync_download_fonts",
                            "is_hold": "N"
                        }
                    ]
                },
                {
                    "databasename": "MosaicCatalog",
                    "secret_name": "dl_cdl_mosaic_catalog_mongodb",
                    "table_details": [
                        {
                            "source_table_name": "Variations",
                            "select_column": "*",
                            "timestamp_columns": [
                                "createdAt",
                                "expiryDate",
                                "updatedAt"
                            ],
                            "integer_columns": [
                                "baseFormatId",
                                "flavorId",
                                "embedding",
                                "foundryId",
                                "glyphCount",
                                "licenseCount",
                                "materialNumber",
                                "platformId",
                                "productionFontCount",
                                "webFontSize"
                            ],
                            "boolean_columns": [
                                "embeddedBitmaps",
                                "isCjk",
                                "isCustom",
                                "isDeleted",
                                "isUpdatedByPim",
                                "symbolEncoded"
                            ],
                            "source_schema_enforce_location": "s3://dl-cdl-dev-bronze/config/schema/json_schema_Variations.json",
                            "is_archive": "N",
                            "source_archive_bucket": "dl-cdl-dev-bronze",
                            "target_archive_bucket": "dl-cdl-dev-bronze",
                            "archive_location": "dl_bronze_dev/data_archive/mongodb/mosaiccatalog/mongo_mtf_fonts_inventory/",
                            "archival_duration": "10",
                            "load_type": "I",
                            "cdc_column": "createdAt,updatedAt",
                            "target_type": "s3",
                            "target_raw_write_mode": "overwrite",
                            "target_write_mode": "overwrite",
                            "target_partition_col": "load_date",
                            "target_repartition_no": "1",
                            "target_raw_location": "s3://dl-cdl-dev-bronze/data_archive/mongodb/mosaiccatalog/mongo_mtf_fonts_inventory/",
                            "target_location": "s3://dl-cdl-dev-bronze/dl_bronze_dev/mongodb/mosaiccatalog/mongo_mtf_fonts_inventory/",
                            "target_database_name": "dl_bronze_dev",
                            "target_raw_table_name": "variations_raw",
                            "target_table_name": "mongo_mtf_fonts_inventory",
                            "is_hold": "N"
                        },
                        {
                            "source_table_name": "FamilyProducts",
                            "select_column": "*",
                            "timestamp_columns": [
                                "createdAt",
                                "updatedAt"
                            ],
                            "integer_columns": [
                                "foundryId"
                            ],
                            "boolean_columns": [
                                "isUpdatedByPim"
                            ],
                            "source_schema_enforce_location": "s3://dl-cdl-dev-bronze/config/schema/json_schema_FamilyProducts.json",
                            "is_archive": "N",
                            "source_archive_bucket": "dl-cdl-dev-bronze",
                            "target_archive_bucket": "dl-cdl-dev-bronze",
                            "archive_location": "dl_bronze_dev/data_archive/mongodb/mosaiccatalog/mongo_mtf_fonts_familyproducts/",
                            "archival_duration": "10",
                            "load_type": "I",
                            "cdc_column": "createdAt,updatedAt",
                            "target_type": "s3",
                            "target_raw_write_mode": "overwrite",
                            "target_write_mode": "overwrite",
                            "target_partition_col": "load_date",
                            "target_repartition_no": "1",
                            "target_raw_location": "s3://dl-cdl-dev-bronze/data_archive/mongodb/mosaiccatalog/mongo_mtf_fonts_familyproducts/",
                            "target_location": "s3://dl-cdl-dev-bronze/dl_bronze_dev/mongodb/mosaiccatalog/mongo_mtf_fonts_familyproducts/",
                            "target_database_name": "dl_bronze_dev",
                            "target_raw_table_name": "familyproducts_raw",
                            "target_table_name": "mongo_mtf_fonts_familyproducts",
                            "is_hold": "N"
                        }
                    ]
                }
            ]
        },
        {
            "data_source": "usagedb_s3",
            "table_details": [
                {
                    "source_file_name": "customercontract",
                    "source_s3_bucket": "dl-cdl-dev-bronze",
                    "source_file_location": "dl_bronze_landing/usagedb/CustomerContract.csv",
                    "is_archive": "Y",
                    "source_archive_bucket": "dl-cdl-dev-bronze",
                    "target_archive_bucket": "dl-cdl-dev-bronze",
                    "archive_location": "dl_bronze_dev/data_archive/usagedb_s3/customercontract/",
                    "archive_duration": "10",
                    "load_type": "F",
                    "cdc_column": "",
                    "target_type": "s3",
                    "target_write_mode": "overwrite",
                    "target_partition_col": "load_date",
                    "target_repartition_no": "1",
                    "target_location": "s3://dl-cdl-dev-bronze/dl_bronze_dev/usagedb_s3/customercontract/",
                    "target_database_name": "dl_bronze_dev",
                    "target_table_name": "usage_customercontract",
                    "is_hold": "N"
                },
                {
                    "source_file_name": "customercontractdetail",
                    "source_s3_bucket": "dl-cdl-dev-bronze",
                    "source_file_location": "dl_bronze_landing/usagedb/CustomerContractDetail.csv",
                    "is_archive": "Y",
                    "source_archive_bucket": "dl-cdl-dev-bronze",
                    "target_archive_bucket": "dl-cdl-dev-bronze",
                    "archive_location": "dl_bronze_dev/data_archive/usagedb_s3/customercontractdetail/",
                    "archive_duration": "10",
                    "load_type": "F",
                    "cdc_column": "",
                    "target_type": "s3",
                    "target_write_mode": "overwrite",
                    "target_partition_col": "load_date",
                    "target_repartition_no": "1",
                    "target_location": "s3://dl-cdl-dev-bronze/dl_bronze_dev/usagedb_s3/customercontractdetail/",
                    "target_database_name": "dl_bronze_dev",
                    "target_table_name": "usage_customercontractdetail",
                    "is_hold": "N"
                },
                {
                    "source_file_name": "customercontractinventoryselection",
                    "source_s3_bucket": "dl-cdl-dev-bronze",
                    "source_file_location": "dl_bronze_landing/usagedb/CustomerContractInventorySelection.csv",
                    "is_archive": "Y",
                    "source_archive_bucket": "dl-cdl-dev-bronze",
                    "target_archive_bucket": "dl-cdl-dev-bronze",
                    "archive_location": "dl_bronze_dev/data_archive/usagedb_s3/customercontractinventoryselection/",
                    "archive_duration": "10",
                    "load_type": "F",
                    "cdc_column": "",
                    "target_type": "s3",
                    "target_write_mode": "overwrite",
                    "target_partition_col": "load_date",
                    "target_repartition_no": "1",
                    "target_location": "s3://dl-cdl-dev-bronze/dl_bronze_dev/usagedb_s3/customercontractinventoryselection/",
                    "target_database_name": "dl_bronze_dev",
                    "target_table_name": "usage_customercontractinventoryselection",
                    "is_hold": "N"
                },
                {
                    "source_file_name": "fontnamed",
                    "source_s3_bucket": "dl-cdl-dev-bronze",
                    "source_file_location": "dl_bronze_landing/usagedb/FontNamed.csv",
                    "is_archive": "Y",
                    "source_archive_bucket": "dl-cdl-dev-bronze",
                    "target_archive_bucket": "dl-cdl-dev-bronze",
                    "archive_location": "dl_bronze_dev/data_archive/usagedb_s3/fontnamed/",
                    "archive_duration": "10",
                    "load_type": "F",
                    "cdc_column": "",
                    "target_type": "s3",
                    "target_write_mode": "overwrite",
                    "target_partition_col": "load_date",
                    "target_repartition_no": "1",
                    "target_location": "s3://dl-cdl-dev-bronze/dl_bronze_dev/usagedb_s3/fontnamed/",
                    "target_database_name": "dl_bronze_dev",
                    "target_table_name": "usage_fontnamed",
                    "is_hold": "N"
                }
            ]
        },
        {
            "data_source": "pageview_daily_api",
            "secret_name": "dl_cdl_pageview_daily_api",
            "api_details": [
                {
                    "source_api_name": "daily_pageview_api_load",
                    "source_columns": [
                        "projectid",
                        "apitype",
                        "refdomain",
                        "pvtprocesseddocument",
                        "pageviewcount",
                        "reportingdate"
                    ],
                    "target_columns": [
                        "projectid",
                        "apitype",
                        "refdomain",
                        "pvtprocesseddocument",
                        "pageviewcount",
                        "reportingdate",
                        "year",
                        "month",
                        "day"
                    ],
                    "is_archive": "N",
                    "source_archive_bucket": "dl-cdl-dev-bronze",
                    "target_archive_bucket": "dl-cdl-dev-bronze",
                    "archive_location": "dl_bronze_dev/data_archive/usagedb_s3/customercontract/",
                    "archive_duration": "10",
                    "load_type": "I",
                    "cdc_column": "",
                    "target_type": "s3",
                    "target_write_mode": "append",
                    "target_partition_col": [
                        "year",
                        "month",
                        "day"
                    ],
                    "target_repartition_no": "1",
                    "target_location": "s3://dl-cdl-dev-bronze/dl_bronze_dev/pageview_daily_api/daily_pageview_api_load/",
                    "target_database_name": "dl_bronze_dev",
                    "target_table_name": "daily_pageview_api_load_test",
                    "is_hold": "N"
                }
            ]
        }
    ]
}