TAG,SHORT,LONG,DISPLAY_ORDER,CURRENCY,PRECISION,DENOMINATOR,CUBE_AGGREGATION,MKT_AGGREGATION,PROD_AGGREGATION,PER_AGGREGATION,FACT_TYPE
BaseUnit,BASE SALES UNITS 000s,BASE SALES UNITS 000s,1,,2,1000,SUM,SUM,SUM,SUM,ADDITIVE
BaseVal,BASE SALES VALUE IN LOCAL CURRENCY 000s,BASE SALES VALUE IN LOCAL CURRENCY 000s,2,,2,1000,SUM,SUM,SUM,SUM,ADDITIVE
BaseValUSD,BASE SALES VALUE USD 000s,BASE SALES VALUE USD 000s,3,USD,2,1000,SUM,SUM,SUM,SUM,ADDITIVE
BaseVol,BASE SALES VOLUME IN LITRES 000s,BASE SALES VOLUME IN LITRES 000s,4,,2,1000,SUM,SUM,SUM,SUM,ADDITIVE
DistCheckoutNum,DISTRIBUTION CHECKOUT NUMERIC,DISTRIBUTION CHECKOUT NUMERIC,5,,2,1,N/A,N/A,N/A,MAX,DISTRIBUTION
DistCheckoutWtd,DISTRIBUTION CHECKOUT WEIGHTED,DISTRIBUTION CHECKOUT WEIGHTED,6,,2,1,N/A,N/A,N/A,MAX,DISTRIBUTION
DistChilledNum,DISTRIBUTION CHILLED NUMERIC,DISTRIBUTION CHILLED NUMERIC,7,,2,1,N/A,N/A,N/A,MAX,DISTRIBUTION
DistChilledWtd,DISTRIBUTION CHILLED WEIGHTED,DISTRIBUTION CHILLED WEIGHTED,8,,2,1,N/A,N/A,N/A,MAX,DISTRIBUTION
DistNum,DISTRIBUTION NUMERIC,DISTRIBUTION NUMERIC,9,,2,1,N/A,N/A,N/A,MAX,DISTRIBUTION
DistOOSNum,DISTRIBUTION OOS NUMERIC,DISTRIBUTION OOS NUMERIC,10,,2,1,N/A,N/A,N/A,MAX,DISTRIBUTION
DistOOSWtd,DISTRIBUTION OOS WEIGHTED,DISTRIBUTION OOS WEIGHTED,11,,2,1,N/A,N/A,N/A,MAX,DISTRIBUTION
DistWtd,DISTRIBUTION WEIGHTED,DISTRIBUTION WEIGHTED,12,,2,1,N/A,N/A,N/A,MAX,DISTRIBUTION
ObsPriceUnit,OBSERVED PRICE PER UNIT IN LOCAL CURRENCY,OBSERVED PRICE PER UNIT IN LOCAL CURRENCY,13,,2,1,N/A,N/A,N/A,LAST_VALUE,NON-ADDITIVE
ObsPriceUnitUSD,OBSERVED PRICE PER UNIT USD,OBSERVED PRICE PER UNIT USD,14,USD,2,1,N/A,N/A,N/A,LAST_VALUE,NON-ADDITIVE
ObsPriceVol,OBSERVED PRICE PER VOLUME IN LOCAL CURRENCY,OBSERVED PRICE PER VOLUME IN LOCAL CURRENCY,15,,2,1,N/A,N/A,N/A,LAST_VALUE,NON-ADDITIVE
ObsPriceVolUSD,OBSERVED PRICE PER VOLUME USD,OBSERVED PRICE PER VOLUME USD,16,USD,2,1,N/A,N/A,N/A,LAST_VALUE,NON-ADDITIVE
PromoAnyDist,DISTRIBUTION WTD ANY PROMO,DISTRIBUTION WTD ANY PROMO,17,,2,1,N/A,N/A,N/A,MAX,DISTRIBUTION
PromoAnyUnit,UNITS ANY PROMO 000s,UNITS ANY PROMO 000s,18,,2,1000,SUM,SUM,SUM,SUM,ADDITIVE
PromoAnyVal,VALUE ANY PROMO IN LOCAL CURRENCY 000s,VALUE ANY PROMO IN LOCAL CURRENCY 000s,19,,2,1000,SUM,SUM,SUM,SUM,ADDITIVE
PromoAnyValUSD,VALUE ANY PROMO USD 000s,VALUE ANY PROMO USD 000s,20,USD,2,1000,SUM,SUM,SUM,SUM,ADDITIVE
PromoAnyVol,VOLUME ANY PROMO IN LITRES 000s,VOLUME ANY PROMO IN LITRES 000s,21,,2,1000,SUM,SUM,SUM,SUM,ADDITIVE
PromoDisplayDist,DISTRIBUTION WTD DISPLAY,DISTRIBUTION WTD DISPLAY,22,,2,1,N/A,N/A,N/A,MAX,DISTRIBUTION
PromoDisplayUnit,UNITS DISPLAY 000s,UNITS DISPLAY 000s,23,,2,1000,SUM,SUM,SUM,SUM,ADDITIVE
PromoDisplayVal,VALUE DISPLAY IN LOCAL CURRENCY 000s,VALUE DISPLAY IN LOCAL CURRENCY 000s,24,,2,1000,SUM,SUM,SUM,SUM,ADDITIVE
PromoDisplayValUSD,VALUE DISPLAY USD 000s,VALUE DISPLAY USD 000s,25,USD,2,1000,SUM,SUM,SUM,SUM,ADDITIVE
PromoDisplayVol,VOLUME DISPLAY IN LITRES 000s,VOLUME DISPLAY IN LITRES 000s,26,,2,1000,SUM,SUM,SUM,SUM,ADDITIVE
PromoFeatDispDist,DISTRIBUTION WTD FEATURE AND DISPLAY,DISTRIBUTION WTD FEATURE AND DISPLAY,27,,2,1,N/A,N/A,N/A,MAX,DISTRIBUTION
PromoFeatDispVal,VALUE FEATURE AND DISPLAY IN LOCAL CURRENCY 000s,VALUE FEATURE AND DISPLAY IN LOCAL CURRENCY 000s,28,,2,1000,SUM,SUM,SUM,SUM,ADDITIVE
PromoFeatDispValUSD,VALUE FEATURE AND DISPLAY USD 000s,VALUE FEATURE AND DISPLAY USD 000s,29,USD,2,1000,SUM,SUM,SUM,SUM,ADDITIVE
PromoFeatDispVol,VOLUME FEATURE AND DISPLAY IN LITRES 000s,VOLUME FEATURE AND DISPLAY IN LITRES 000s,30,,2,1000,SUM,SUM,SUM,SUM,ADDITIVE
PromoFeatDistUnit,UNITS FEATURE AND DISPLAY 000s,UNITS FEATURE AND DISPLAY 000s,31,,2,1000,SUM,SUM,SUM,SUM,ADDITIVE
PromoFeatureDist,DISTRIBUTION WTD FEATURE,DISTRIBUTION WTD FEATURE,32,,2,1,N/A,N/A,N/A,MAX,DISTRIBUTION
PromoFeatureUnit,UNITS FEATURE 000s,UNITS FEATURE 000s,33,,2,1000,SUM,SUM,SUM,SUM,ADDITIVE
PromoFeatureVal,VALUE FEATURE IN LOCAL CURRENCY 000s,VALUE FEATURE IN LOCAL CURRENCY 000s,34,,2,1000,SUM,SUM,SUM,SUM,ADDITIVE
PromoFeatureValUSD,VALUE FEATURE USD 000s,VALUE FEATURE USD 000s,35,USD,2,1000,SUM,SUM,SUM,SUM,ADDITIVE
PromoFeatureVol,VOLUME FEATURE IN LITRES 000s,VOLUME FEATURE IN LITRES 000s,36,,2,1000,SUM,SUM,SUM,SUM,ADDITIVE
PurchaseUnit,PURCHASES UNITS 000s,PURCHASES UNITS 000s,37,,2,1000,SUM,SUM,SUM,SUM,ADDITIVE
PurchaseVal,PURCHASES VALUE IN LOCAL CURRENCY 000s,PURCHASES VALUE IN LOCAL CURRENCY 000s,38,,2,1000,SUM,SUM,SUM,SUM,ADDITIVE
PurchaseValUSD,PURCHASES VALUE USD 000s,PURCHASES VALUE USD 000s,39,USD,2,1000,SUM,SUM,SUM,SUM,ADDITIVE
PurchaseVol,PURCHASES VOLUME  IN LITRES 000s,PURCHASES VOLUME  IN LITRES 000s,40,,2,1000,SUM,SUM,SUM,SUM,ADDITIVE
StockFrontUnit,FRONT STOCK UNITS 000s,FRONT STOCK UNITS 000s,41,,2,1000,N/A,SUM,SUM,LAST_VALUE,NON-ADDITIVE
StockFrontVal,FRONT STOCK VALUE IN LOCAL CURRENCY 000s,FRONT STOCK VALUE IN LOCAL CURRENCY 000s,42,,2,1000,N/A,SUM,SUM,LAST_VALUE,NON-ADDITIVE
StockFrontValUSD,FRONT STOCK VALUE USD 000s,FRONT STOCK VALUE USD 000s,43,USD,2,1000,N/A,SUM,SUM,LAST_VALUE,NON-ADDITIVE
StockFrontVol,FRONT STOCK VOLUME IN LITRES 000s,FRONT STOCK VOLUME IN LITRES 000s,44,,2,1000,N/A,SUM,SUM,LAST_VALUE,NON-ADDITIVE
StockUnit,TOTAL STOCK UNITS 000s,TOTAL STOCK UNITS 000s,45,,2,1000,N/A,SUM,SUM,LAST_VALUE,NON-ADDITIVE
StockVal,TOTAL STOCK VALUE IN LOCAL CURRENCY 000s,TOTAL STOCK VALUE IN LOCAL CURRENCY 000s,46,,2,1000,N/A,SUM,SUM,LAST_VALUE,NON-ADDITIVE
StockValUSD,TOTAL STOCK VALUE USD 000s,TOTAL STOCK VALUE USD 000s,47,USD,2,1000,N/A,SUM,SUM,LAST_VALUE,NON-ADDITIVE
StockVol,TOTAL STOCK VOLUME IN LITRES 000s,TOTAL STOCK VOLUME IN LITRES 000s,48,,2,1000,N/A,SUM,SUM,LAST_VALUE,NON-ADDITIVE
StoreCount,STORE COUNT,STORE COUNT,49,,2,1,N/A,N/A,N/A,LAST_VALUE,NON-ADDITIVE
TDP,Total Dist Pts,Total Distribution Points,50,,2,1,N/A,SUM,SUM,MAX,NON-ADDITIVE
Unit,SALES UNITS IN 000s,SALES UNITS IN 000s,51,,2,1000,SUM,SUM,SUM,SUM,ADDITIVE
Val,SALES VALUE IN LOCAL CURRENCY 000s,SALES VALUE IN LOCAL CURRENCY 000s,52,,2,1000,SUM,SUM,SUM,SUM,ADDITIVE
ValUSD,VALUE SALES USD 000s,VALUE SALES USD 000s,53,USD,2,1000,SUM,SUM,SUM,SUM,ADDITIVE
Vol,SALES VOLUME IN LITRES 000s,SALES VOLUME IN LITRES 000s,54,,2,1000,SUM,SUM,SUM,SUM,ADDITIVE
