TAG,SHORT,LONG,DISPLAY_ORDER,PARENT_TAG,HIER_NUM,HIER_NAME,HIER_LEVEL_NUM,HIER_LEVEL_NAME,CATEGORY,COUNTRY,DATE_LAST_LOADED,FACT_DATA_FILES,LATEST_AVAILABLE_PERIOD,LATEST_COMMON_PERIOD
CLC_NL,CLC_NL,CLC_NL,1,,,,,,COLOR COSMETICS,NETHERLANDS,16-Jul-21,nispstd_p13645_dCTY_CLC_GTC_SFF_40_fact_data_080220210.CSV,21-Jun,21-Jun
CLC_PL,CLC_PL,CLC_PL,2,,,,,,COLOR COSMETICS,POLAND,22-Jul-21,nispstd_p13645_dCTY_CLC_GTC_SFF_40_fact_data_080220210.CSV,21-Jun,21-Jun
CLC_DE,CLC_DE,CLC_DE,3,,,,,,COLOR COSMETICS,GERMANY,23-Jul-21,nispstd_p13645_dCTY_CLC_GTC_SFF_40_fact_data_080220210.CSV,21-Jun,21-Jun
CLC_GB,CLC_GB,CLC_GB,4,,,,,,COLOR COSMETICS,UNITED KINGDOM,16-Jul-21,nispstd_p13645_dCTY_CLC_GTC_SFF_40_fact_data_080220211.CSV,21-Jun,21-Jun
CLC_GB_PF,CLC_GB_PF,CLC_GB_PF,5,,,,,,COLOR COSMETICS,GREAT BRITAIN,30-Jul-21,nispstd_p13645_dCTY_CLC_GTC_SFF_40_fact_data_080220211.CSV,21-Jun,21-Jun
CLC_DE_PF,CLC_DE_PF,CLC_DE_PF,6,,,,,,COLOR COSMETICS,GERMANY,30-Jul-21,nispstd_p13645_dCTY_CLC_GTC_SFF_40_fact_data_080220211.CSV,21-Jun,21-Jun
