TAG,SHORT,LONG,DISPLAY_ORDER,PARENT_TAG,HIER_NUM,HIER_NAME,HIER_LEVEL_NUM,HIER_LEVEL_NAME,COUNTRY,INTERNATIONAL CHANNEL,INTERNATIONAL RETAILER,MARKET TYPE,REGION,SECTOR,SUB REGION,SUB SECTOR,WORLD
NAT,AU MASS IRI,AU MASS IRI,1,,1,MARKET_HIERARCHY,2,MARKET BREAKDOWN,AUSTRALIA,,,DIVISION,,,,,
GHPL,Au Coles Group Scan,Au Coles Group Scan,2,,1,MARKET_HIERARCHY,2,MARKET BREAKDOWN,AUSTRALIA,,,RETAILER,,,,,
MCG,Au My Chemist Group Scan,Au My Chemist Group Scan,3,,1,MARKET_HIERARCHY,2,MARKET BREAKDOWN,AUSTRALIA,,,RETAILER,,,,,
NATG,Au Grocery Scan,Au Grocery Scan,4,,1,MARKET_HIERARCHY,2,MARKET BREAKDOWN,AUSTRALIA,B&M,,INTERNATIONAL STORE TYPE,,,,,
NATP,Au Pharmacy Scan,Au Pharmacy Scan,5,,1,MARKET_HIERARCHY,2,MARKET BREAKDOWN,AUSTRALIA,B&M,,INTERNATIONAL STORE TYPE,,,,,
PRICELINE,Au Priceline Scan,Au Priceline Scan,6,,1,MARKET_HIERARCHY,2,MARKET BREAKDOWN,AUSTRALIA,,,RETAILER,,,,,
WOOL,Au Woolworths Scan,Au Woolworths Scan,7,,1,MARKET_HIERARCHY,2,MARKET BREAKDOWN,AUSTRALIA,,,RETAILER,,,,,
M01078168001243057,CH MASS NIELSEN,CH MASS NIELSEN,8,,1,MARKET_HIERARCHY,2,MARKET BREAKDOWN,SWITZERLAND,,,DIVISION,,,,,
M01078168001243058,MANOR,MANOR,9,,1,MARKET_HIERARCHY,2,MARKET BREAKDOWN,SWITZERLAND,,,RETAILER,,,,,
M01078168001243062,GLOBUS,GLOBUS,10,,1,MARKET_HIERARCHY,2,MARKET BREAKDOWN,SWITZERLAND,,,RETAILER,,,,,
M01078168001243066,SPAR,SPAR,11,,1,MARKET_HIERARCHY,2,MARKET BREAKDOWN,SWITZERLAND,,,RETAILER,,,,,
M01078168001243069,MIGROS,MIGROS,12,,1,MARKET_HIERARCHY,2,MARKET BREAKDOWN,SWITZERLAND,,,RETAILER,,,,,
M01078168001243073,DENNER,DENNER,13,,1,MARKET_HIERARCHY,2,MARKET BREAKDOWN,SWITZERLAND,,,RETAILER,,,,,
M01078168001243077,COOP,COOP,14,,1,MARKET_HIERARCHY,2,MARKET BREAKDOWN,SWITZERLAND,,,RETAILER,,,,,
M01079204001256671,SMALL SUPERMARKETS 400-1000M2,SMALL SUPERMARKETS 400-1000M2,15,,1,MARKET_HIERARCHY,2,MARKET BREAKDOWN,SWITZERLAND,B&M,,INTERNATIONAL STORE TYPE,,,,,
M01079204001256672,WARENHAEUSER,WARENHAEUSER,16,,1,MARKET_HIERARCHY,2,MARKET BREAKDOWN,SWITZERLAND,B&M,,INTERNATIONAL STORE TYPE,,,,,
M01079204001256673,LARGE SUPERMARKETS 1000-2500M2,LARGE SUPERMARKETS 1000-2500M2,17,,1,MARKET_HIERARCHY,2,MARKET BREAKDOWN,SWITZERLAND,B&M,,INTERNATIONAL STORE TYPE,,,,,
M01079204001256674,HYPERMARKETS > 2500M2,HYPERMARKETS > 2500M2,18,,1,MARKET_HIERARCHY,2,MARKET BREAKDOWN,SWITZERLAND,B&M,,INTERNATIONAL STORE TYPE,,,,,
M01079204001256675,SUPERETTES 100-400M2,SUPERETTES 100-400M2,19,,1,MARKET_HIERARCHY,2,MARKET BREAKDOWN,SWITZERLAND,B&M,,INTERNATIONAL STORE TYPE,,,,,
M01079204001256676,TRADITIONAL GROCERS < 100M2,TRADITIONAL GROCERS < 100M2,20,,1,MARKET_HIERARCHY,2,MARKET BREAKDOWN,SWITZERLAND,B&M,,INTERNATIONAL STORE TYPE,,,,,
02G315998,FR MASS IRI,FR MASS IRI,21,,1,MARKET_HIERARCHY,2,MARKET BREAKDOWN,FRANCE,,,DIVISION,,,,,
02G315020,CONCEPT HYPER CAUSALES,CONCEPT HYPER CAUSALES,22,,1,MARKET_HIERARCHY,2,MARKET BREAKDOWN,FRANCE,,,LOCAL CHANNEL,,,,,
02G315021,CONCEPT SUPER CAUSALES,CONCEPT SUPER CAUSALES,23,,1,MARKET_HIERARCHY,2,MARKET BREAKDOWN,FRANCE,,,LOCAL CHANNEL,,,,,
02G315980,HYPER (TOTAL) SCI,HYPER (TOTAL) SCI,24,,1,MARKET_HIERARCHY,2,MARKET BREAKDOWN,FRANCE,B&M,,INTERNATIONAL STORE TYPE,,,,,
02G315981,HYPER + SCI,HYPER + SCI,25,,1,MARKET_HIERARCHY,2,MARKET BREAKDOWN,FRANCE,,,LOCAL CHANNEL,,,,,
02G315982,HYPER - SCI,HYPER - SCI,26,,1,MARKET_HIERARCHY,2,MARKET BREAKDOWN,FRANCE,,,LOCAL CHANNEL,,,,,
02G315983,SUPER (TOTAL) SCI,SUPER (TOTAL) SCI,27,,1,MARKET_HIERARCHY,2,MARKET BREAKDOWN,FRANCE,B&M,,INTERNATIONAL STORE TYPE,,,,,
02G315984,SUPER + SCI,SUPER + SCI,28,,1,MARKET_HIERARCHY,2,MARKET BREAKDOWN,FRANCE,,,LOCAL CHANNEL,,,,,
02G315985,SUPER - SCI,SUPER - SCI,29,,1,MARKET_HIERARCHY,2,MARKET BREAKDOWN,FRANCE,,,LOCAL CHANNEL,,,,,
M1000108210004461,DE MASS NIELSEN,DE MASS NIELSEN,30,,1,MARKET_HIERARCHY,2,MARKET BREAKDOWN,GERMANY,,,DIVISION,,,,,
M1000157610003588,LEH+DM,LEH+DM,31,,1,MARKET_HIERARCHY,2,MARKET BREAKDOWN,GERMANY,,,LOCAL CHANNEL,,,,,
M1000157610006101,Discounter gesamt (incl. estim Non-coop data),Discounter gesamt (incl. estim Non-coop data),32,,1,MARKET_HIERARCHY,2,MARKET BREAKDOWN,GERMANY,B&M,,INTERNATIONAL STORE TYPE,,,,,
M1000157610006102,Discounter kooperierend,Discounter kooperierend,33,,1,MARKET_HIERARCHY,2,MARKET BREAKDOWN,GERMANY,,,LOCAL CHANNEL,,,,,
M1000157610006103,Discounter Aldi Lidl Norma (estim Non-coop data),Discounter Aldi Lidl Norma (estim Non-coop data),34,,1,MARKET_HIERARCHY,2,MARKET BREAKDOWN,GERMANY,,,LOCAL CHANNEL,,,,,
M1000157610006104,VM insg.,VM insg.,35,,1,MARKET_HIERARCHY,2,MARKET BREAKDOWN,GERMANY,B&M,,INTERNATIONAL STORE TYPE,,,,,
M1000157610006109,Drogeriemaerkte IST,Drogeriemaerkte IST,36,,1,MARKET_HIERARCHY,2,MARKET BREAKDOWN,GERMANY,B&M,,INTERNATIONAL STORE TYPE,,,,,
M1000157610006111,SM klein,SM klein,37,,1,MARKET_HIERARCHY,2,MARKET BREAKDOWN,GERMANY,B&M,,INTERNATIONAL STORE TYPE,,,,,
M1000157610006112,SM gross,SM gross,38,,1,MARKET_HIERARCHY,2,MARKET BREAKDOWN,GERMANY,B&M,,INTERNATIONAL STORE TYPE,,,,,
M100016310006597,KWH,KWH,39,,1,MARKET_HIERARCHY,2,MARKET BREAKDOWN,GERMANY,B&M,,INTERNATIONAL STORE TYPE,,,,,
M104252410006231,z_Restl. KA LEH (incl. estim Non-coop data),z_Restl. KA LEH (incl. estim Non-coop data),40,,1,MARKET_HIERARCHY,2,MARKET BREAKDOWN,GERMANY,,,RETAILER,,,,,
M104252410006239,Markant LEH,Markant LEH,41,,1,MARKET_HIERARCHY,2,MARKET BREAKDOWN,GERMANY,,,RETAILER,,,,,
M104252410006241,Edeka LEH,Edeka LEH,42,,1,MARKET_HIERARCHY,2,MARKET BREAKDOWN,GERMANY,,,RETAILER,,,,,
M104252410006250,Rewe LEH,Rewe LEH,43,,1,MARKET_HIERARCHY,2,MARKET BREAKDOWN,GERMANY,,,RETAILER,,,,,
M2000157610006109,Drogeriemaerkte,Drogeriemaerkte,44,,1,MARKET_HIERARCHY,2,MARKET BREAKDOWN,GERMANY,,DM,RETAILER,,,,,
DEAMAZON,DE AMAZON 1,DE AMAZON 1,45,,1,MARKET_HIERARCHY,2,MARKET BREAKDOWN,GERMANY,ECOMM,,INTERNATIONAL STORE TYPE,,,,,
DEAMAZON3,DE AMAZON 3,DE AMAZON 3,46,,1,MARKET_HIERARCHY,2,MARKET BREAKDOWN,GERMANY,ECOMM,,INTERNATIONAL STORE TYPE,,,,,
DEAMAZONT,DE AMAZON TOTAL,DE AMAZON TOTAL,47,,1,MARKET_HIERARCHY,2,MARKET BREAKDOWN,GERMANY,,AMAZON,RETAILER,,,,,
3371IC0200505676,IT MASS IRI,IT MASS IRI,48,,1,MARKET_HIERARCHY,2,MARKET BREAKDOWN,ITALY,,,DIVISION,,,,,
3371IC0200505677,5677 SPECIALISTI DRUG,5677 SPECIALISTI DRUG,49,,1,MARKET_HIERARCHY,2,MARKET BREAKDOWN,ITALY,B&M,,INTERNATIONAL STORE TYPE,,,,,
3371IC0200507011,7011 Ipermercati,7011 Ipermercati,50,,1,MARKET_HIERARCHY,2,MARKET BREAKDOWN,ITALY,B&M,,INTERNATIONAL STORE TYPE,,,,,
3371IC0200507012,7012 Supermercati,7012 Supermercati,51,,1,MARKET_HIERARCHY,2,MARKET BREAKDOWN,ITALY,B&M,,INTERNATIONAL STORE TYPE,,,,,
3371IC0200507013,7013 LSP,7013 LSP,52,,1,MARKET_HIERARCHY,2,MARKET BREAKDOWN,ITALY,B&M,,INTERNATIONAL STORE TYPE,,,,,
NL030402,NL MASS NIELSEN,NL MASS NIELSEN,53,,1,MARKET_HIERARCHY,2,MARKET BREAKDOWN,NETHERLANDS,,,DIVISION,,,,,
NL003833,Drug Perfumery,NL Drug Perfumery,54,,1,MARKET_HIERARCHY,2,MARKET BREAKDOWN,NETHERLANDS,,,LOCAL CHANNEL,,,,,
NL003854,Drug,NL Drug,55,,1,MARKET_HIERARCHY,2,MARKET BREAKDOWN,NETHERLANDS,B&M,,INTERNATIONAL STORE TYPE,,,,,
NL005457,Kruidvat,NL Drug Perfumery Kruidvat,56,,1,MARKET_HIERARCHY,2,MARKET BREAKDOWN,NETHERLANDS,,AS WATSON GROUP,RETAILER,,,,,
NL005458,Trekpleister,NL Drug Perfumery Trekpleister,57,,1,MARKET_HIERARCHY,2,MARKET BREAKDOWN,NETHERLANDS,,,RETAILER,,,,,
NL005497,Perfumery,NL Perfumery,58,,1,MARKET_HIERARCHY,2,MARKET BREAKDOWN,NETHERLANDS,SELECTIVE B&M,,INTERNATIONAL STORE TYPE,,,,,
NL009960,DA,NL Drug Perfumery DA,59,,1,MARKET_HIERARCHY,2,MARKET BREAKDOWN,NETHERLANDS,,,RETAILER,,,,,
NL009961,DA Luxe,NL Drug Perfumery DA DA Luxe,60,,1,MARKET_HIERARCHY,2,MARKET BREAKDOWN,NETHERLANDS,,,RETAILER,,,,,
NL009963,DIO Drogist,NL Drug Perfumery DIO Drogist,61,,1,MARKET_HIERARCHY,2,MARKET BREAKDOWN,NETHERLANDS,,,RETAILER,,,,,
NL009964,Etos,NL Drug Perfumery Etos,62,,1,MARKET_HIERARCHY,2,MARKET BREAKDOWN,NETHERLANDS,,,RETAILER,,,,,
NL009967,V&D,NL Drug Perfumery V&D,63,,1,MARKET_HIERARCHY,2,MARKET BREAKDOWN,NETHERLANDS,,,RETAILER,,,,,
NL026094,FOOD-DRUG,NL FOOD-DRUG,64,,1,MARKET_HIERARCHY,2,MARKET BREAKDOWN,NETHERLANDS,,,LOCAL CHANNEL,,,,,
NL030404,Food,NL Food/Drug-Perfumery Food,65,,1,MARKET_HIERARCHY,2,MARKET BREAKDOWN,NETHERLANDS,B&M,,INTERNATIONAL STORE TYPE,,,,,
NL213955,Mooi,NL Perfumery Mooi,66,,1,MARKET_HIERARCHY,2,MARKET BREAKDOWN,NETHERLANDS,,,RETAILER,,,,,
NL292597,Drug-clgr/Perfumery,NL Drug-clgr/Perfumery,67,,1,MARKET_HIERARCHY,2,MARKET BREAKDOWN,NETHERLANDS,,,LOCAL CHANNEL,,,,,
NL292624,Food/Drug-clgr/Perfumery,NL Food/Drug-clgr/Perfumery,68,,1,MARKET_HIERARCHY,2,MARKET BREAKDOWN,NETHERLANDS,,,LOCAL CHANNEL,,,,,
NL343260,Ecom,NL Ecom,69,,1,MARKET_HIERARCHY,2,MARKET BREAKDOWN,NETHERLANDS,,,LOCAL CHANNEL,,,,,
NL350093,Food-Drug-clgr-Perf incl Food Ecom,NL Food-Drug-clgr-Perf incl Food Ecom,70,,1,MARKET_HIERARCHY,2,MARKET BREAKDOWN,NETHERLANDS,,,LOCAL CHANNEL,,,,,
M1182530,PL MASS NIELSEN,PL MASS NIELSEN,71,,1,MARKET_HIERARCHY,2,MARKET BREAKDOWN,POLAND,,,DIVISION,,,,,
M1182504,Total Poland excl. Disc + Drug Stores,Total Poland excl. Disc + Drug St. + Impulse (Drug),72,,1,MARKET_HIERARCHY,2,MARKET BREAKDOWN,POLAND,,,LOCAL CHANNEL,,,,,
M1182531,Large Format,Large Format,73,,1,MARKET_HIERARCHY,2,MARKET BREAKDOWN,POLAND,,,LOCAL CHANNEL,,,,,
M1182532,Supermarkets excl. Discounters,Supermarkets excl. Discounters,74,,1,MARKET_HIERARCHY,2,MARKET BREAKDOWN,POLAND,B&M,,INTERNATIONAL STORE TYPE,,,,,
M1182533,Total Discounters,Total Discounters,75,,1,MARKET_HIERARCHY,2,MARKET BREAKDOWN,POLAND,B&M,,INTERNATIONAL STORE TYPE,,,,,
M1182534,Hypermarkets,Hypermarkets,76,,1,MARKET_HIERARCHY,2,MARKET BREAKDOWN,POLAND,B&M,,INTERNATIONAL STORE TYPE,,,,,
M1182535,Small Format,Small Format + Drug St. + Impulse (Drug),77,,1,MARKET_HIERARCHY,2,MARKET BREAKDOWN,POLAND,,,LOCAL CHANNEL,,,,,
M1182536,Groceries Large,Groceries Large,78,,1,MARKET_HIERARCHY,2,MARKET BREAKDOWN,POLAND,B&M,,INTERNATIONAL STORE TYPE,,,,,
M1182537,Groceries Medium,Groceries Medium,79,,1,MARKET_HIERARCHY,2,MARKET BREAKDOWN,POLAND,B&M,,INTERNATIONAL STORE TYPE,,,,,
M1182538,Drugstores,Drugstores,80,,1,MARKET_HIERARCHY,2,MARKET BREAKDOWN,POLAND,B&M,,INTERNATIONAL STORE TYPE,,,,,
M1182539,Kiosks,Kiosks,81,,1,MARKET_HIERARCHY,2,MARKET BREAKDOWN,POLAND,B&M,,INTERNATIONAL STORE TYPE,,,,,
M1182540,Petrol Stations,Petrol Stations,82,,1,MARKET_HIERARCHY,2,MARKET BREAKDOWN,POLAND,B&M,,INTERNATIONAL STORE TYPE,,,,,
M1182541,Groceries Small,Groceries Small,83,,1,MARKET_HIERARCHY,2,MARKET BREAKDOWN,POLAND,B&M,,INTERNATIONAL STORE TYPE,,,,,
ROSS,ROSSMANN,ROSSMANN,84,,1,MARKET_HIERARCHY,2,MARKET BREAKDOWN,POLAND,,AS WATSON GROUP,RETAILER,,,,,
FB0200507088,ES MASS IRI,ES MASS IRI,85,,1,MARKET_HIERARCHY,2,MARKET BREAKDOWN,SPAIN,,,DIVISION,,,,,
FB0200507009,ESPANA (TOTAL H+S),ESPANA (TOTAL H+S),86,,1,MARKET_HIERARCHY,2,MARKET BREAKDOWN,SPAIN,,,LOCAL CHANNEL,,,,,
FB0200502613,TOTAL CARREFOUR SUPER EXTRAPOLADO,TOTAL CARREFOUR SUPER EXTRAPOLADO,87,,1,MARKET_HIERARCHY,2,MARKET BREAKDOWN,SPAIN,,,RETAILER,,,,,
FB0200507010,SUPER 100-400M2,SUPER 100-400M2,88,,1,MARKET_HIERARCHY,2,MARKET BREAKDOWN,SPAIN,,,LOCAL CHANNEL,,,,,
FB0200507011,SUPER 401-1000M2,SUPER 401-1000M2,89,,1,MARKET_HIERARCHY,2,MARKET BREAKDOWN,SPAIN,,,LOCAL CHANNEL,,,,,
FB0200507012,SUPER 1001-2500M2,SUPER 1001-2500M2,90,,1,MARKET_HIERARCHY,2,MARKET BREAKDOWN,SPAIN,,,LOCAL CHANNEL,,,,,
FB0200507013,HIPER 2501-5000M2,HIPER 2501-5000M2,91,,1,MARKET_HIERARCHY,2,MARKET BREAKDOWN,SPAIN,,,LOCAL CHANNEL,,,,,
FB0200507014,HIPER >2501-5000M2,HIPER >2501-5000M2,92,,1,MARKET_HIERARCHY,2,MARKET BREAKDOWN,SPAIN,,,LOCAL CHANNEL,,,,,
FB0200507015,SUPER (TOTAL),SUPER (TOTAL),93,,1,MARKET_HIERARCHY,2,MARKET BREAKDOWN,SPAIN,B&M,,INTERNATIONAL STORE TYPE,,,,,
FB0200507016,HIPER (TOTAL),HIPER (TOTAL),94,,1,MARKET_HIERARCHY,2,MARKET BREAKDOWN,SPAIN,B&M,,INTERNATIONAL STORE TYPE,,,,,
FB0200507091,TOTAL PDM,TOTAL PDM,95,,1,MARKET_HIERARCHY,2,MARKET BREAKDOWN,SPAIN,B&M,,INTERNATIONAL STORE TYPE,,,,,
MLWQB,GB MASS NIELSEN,GB MASS NIELSEN,96,,1,MARKET_HIERARCHY,2,MARKET BREAKDOWN,GREAT BRITAIN,,,DIVISION,,,,,
MLWR1,Grocery Multiples (Personal Care),GB Grocery Multiples (Personal Care),97,,1,MARKET_HIERARCHY,2,MARKET BREAKDOWN,GREAT BRITAIN,,,LOCAL CHANNEL,,,,,
M5YC61,Waitrose GSD,GB Waitrose GSD,98,,1,MARKET_HIERARCHY,2,MARKET BREAKDOWN,GREAT BRITAIN,,,RETAILER,,,,,
M5YEAB,Morrisons Group,GB Morrisons Group,99,,1,MARKET_HIERARCHY,2,MARKET BREAKDOWN,GREAT BRITAIN,,,RETAILER,,,,,
MLKRA,SSL,GB SSL,100,,1,MARKET_HIERARCHY,2,MARKET BREAKDOWN,GREAT BRITAIN,,SAINSBURY'S,RETAILER,,,,,
MLKRG,Tesco,GB Tesco,101,,1,MARKET_HIERARCHY,2,MARKET BREAKDOWN,GREAT BRITAIN,,TESCO,RETAILER,,,,,
MLKV9,Asda,GB Asda,102,,1,MARKET_HIERARCHY,2,MARKET BREAKDOWN,GREAT BRITAIN,,WALMART GROUP,RETAILER,,,,,
MLWS4,Convenience,GB Total Coverage Convenience,103,,1,MARKET_HIERARCHY,2,MARKET BREAKDOWN,GREAT BRITAIN,B&M,,INTERNATIONAL STORE TYPE,,,,,
MLWS6,Out of Town,GB Total Coverage Out of Town,104,,1,MARKET_HIERARCHY,2,MARKET BREAKDOWN,GREAT BRITAIN,B&M,,INTERNATIONAL STORE TYPE,,,,,
MLWS7,Megastores,GB Total Coverage Out of Town Megastores,105,,1,MARKET_HIERARCHY,2,MARKET BREAKDOWN,GREAT BRITAIN,,,LOCAL CHANNEL,,,,,
MLWS8,Superstores,GB Total Coverage Out of Town Superstores,106,,1,MARKET_HIERARCHY,2,MARKET BREAKDOWN,GREAT BRITAIN,,,LOCAL CHANNEL,,,,,
MLWS9,High Street,GB Total Coverage High Street,107,,1,MARKET_HIERARCHY,2,MARKET BREAKDOWN,GREAT BRITAIN,B&M,,INTERNATIONAL STORE TYPE,,,,,
MLWSA,Large Stores,GB Total Coverage High Street Large Stores,108,,1,MARKET_HIERARCHY,2,MARKET BREAKDOWN,GREAT BRITAIN,,,LOCAL CHANNEL,,,,,
MLWSB,Small Stores,GB Total Coverage High Street Small Stores,109,,1,MARKET_HIERARCHY,2,MARKET BREAKDOWN,GREAT BRITAIN,,,LOCAL CHANNEL,,,,,
MLWTV,Boots the Chemist,GB Boots the Chemist,110,,1,MARKET_HIERARCHY,2,MARKET BREAKDOWN,GREAT BRITAIN,,WALGREEN BOOTS GROUP,RETAILER,,,,,
MLWUY,Total Impulse,GB Total Coverage Total Impulse,111,,1,MARKET_HIERARCHY,2,MARKET BREAKDOWN,GREAT BRITAIN,,,LOCAL CHANNEL,,,,,
MLWV6,Total Chemists (Personal Care),GB Total Coverage Total Chemists (Personal Care),112,,1,MARKET_HIERARCHY,2,MARKET BREAKDOWN,GREAT BRITAIN,,,LOCAL CHANNEL,,,,,
MLWW0,Lloyds GSD,GB Lloyds GSD,113,,1,MARKET_HIERARCHY,2,MARKET BREAKDOWN,GREAT BRITAIN,,,RETAILER,,,,,
MLWW8,Independent Chemists,GB Total Coverage Total Chemists (Personal Care) Independent Chemists,114,,1,MARKET_HIERARCHY,2,MARKET BREAKDOWN,GREAT BRITAIN,,,LOCAL CHANNEL,,,,,
MLWW9,Multiple Chemists (Personal Care),GB Total Coverage Total Chemists (Personal Care) Multiple Chemists (Personal Car,115,,1,MARKET_HIERARCHY,2,MARKET BREAKDOWN,GREAT BRITAIN,,,LOCAL CHANNEL,,,,,
MMBSA,Total Co-ops GSD,GB Total Co-ops GSD,116,,1,MARKET_HIERARCHY,2,MARKET BREAKDOWN,GREAT BRITAIN,,,RETAILER,,,,,
MMR54,Superdrug,GB Superdrug,117,,1,MARKET_HIERARCHY,2,MARKET BREAKDOWN,GREAT BRITAIN,,AS WATSON GROUP,RETAILER,,,,,
MMR9K,Wilkinson,GB Wilkinson,118,,1,MARKET_HIERARCHY,2,MARKET BREAKDOWN,GREAT BRITAIN,,,RETAILER,,,,,
UKAMAZON,UK AMAZON 1,UK AMAZON 1,119,,1,MARKET_HIERARCHY,2,MARKET BREAKDOWN,GREAT BRITAIN,ECOMM,,INTERNATIONAL STORE TYPE,,,,,
UKAMAZON3,UK AMAZON 3,UK AMAZON 3,120,,1,MARKET_HIERARCHY,2,MARKET BREAKDOWN,GREAT BRITAIN,ECOMM,,INTERNATIONAL STORE TYPE,,,,,
UKAMAZONT,UK AMAZON TOTAL,UK AMAZON TOTAL,121,,1,MARKET_HIERARCHY,2,MARKET BREAKDOWN,GREAT BRITAIN,,AMAZON,RETAILER,,,,,
DOLLAR,TOTAL DOLLAR,TOTAL DOLLAR,122,,1,MARKET_HIERARCHY,2,MARKET BREAKDOWN,USA,B&M,,INTERNATIONAL STORE TYPE,,,,,
RITTL,RITE AID - TOTAL CENSUS TA,RITE AID - TOTAL CENSUS TA,123,,1,MARKET_HIERARCHY,2,MARKET BREAKDOWN,USA,,,RETAILER,,,,,
USHM,US HYPERMARKETS,US HYPERMARKETS,124,,1,MARKET_HIERARCHY,2,MARKET BREAKDOWN,USA,B&M,,INTERNATIONAL STORE TYPE,,,,,
WRNTL,WALGREENS TOTAL CENSUS TRADING AREA,WALGREENS TOTAL CENSUS TRADING AREA,125,,1,MARKET_HIERARCHY,2,MARKET BREAKDOWN,USA,,WALGREEN BOOTS GROUP,RETAILER,,,,,
TTBME,TARGET TOTAL BM/FF TA,TARGET TOTAL BM/FF TA,126,,1,MARKET_HIERARCHY,2,MARKET BREAKDOWN,USA,,TARGET,RETAILER,,,,,
USAMAZON,US AMAZON 1,US AMAZON 1,127,,1,MARKET_HIERARCHY,2,MARKET BREAKDOWN,USA,ECOMM,,INTERNATIONAL STORE TYPE,,,,,
USAMAZON3,US AMAZON 3,US AMAZON 3,128,,1,MARKET_HIERARCHY,2,MARKET BREAKDOWN,USA,ECOMM,,INTERNATIONAL STORE TYPE,,,,,
USAMAZONT,US AMAZON TOTAL,US AMAZON TOTAL,129,,1,MARKET_HIERARCHY,2,MARKET BREAKDOWN,USA,,AMAZON,RETAILER,,,,,
02G315998A,FRANCE (TOTAL)SCI,FRANCE (TOTAL)SCI,130,,1,MARKET_HIERARCHY,1,COUNTRY,FRANCE,,,TOTAL COUNTRY,EMEA,FRANCE,WESTERN EUROPE,NA,WORLD
3371IC0200505676A,5676 IS+SPEC. DRUG+LSP,5676 IS+SPEC. DRUG+LSP,131,,1,MARKET_HIERARCHY,1,COUNTRY,ITALY,,,TOTAL COUNTRY,EMEA,ITALY,WESTERN EUROPE,NA,WORLD
DEAMAZON1A,DE AMAZON,DE AMAZON,132,,1,MARKET_HIERARCHY,1,COUNTRY,GERMANY,,,TOTAL COUNTRY,EMEA,DACH,WESTERN EUROPE,NA,WORLD
FB0200507088A,ESPANA (TOTAL),ESPANA (TOTAL),133,,1,MARKET_HIERARCHY,1,COUNTRY,SPAIN,,,TOTAL COUNTRY,EMEA,SPAIN,WESTERN EUROPE,NA,WORLD
M01078168001243057A,TOTAL GROCERY,TOTAL GROCERY,134,,1,MARKET_HIERARCHY,1,COUNTRY,SWITZERLAND,,,TOTAL COUNTRY,EMEA,DACH,WESTERN EUROPE,NA,WORLD
M1000108210004461A,LEH+DM+KWH,LEH+DM+KWH,135,,1,MARKET_HIERARCHY,1,COUNTRY,GERMANY,,,TOTAL COUNTRY,EMEA,DACH,WESTERN EUROPE,NA,WORLD
M1182530A,Total Poland + Drug Stores (Impulse),Total Poland + Drug St. + Impulse (Drug),136,,1,MARKET_HIERARCHY,1,COUNTRY,POLAND,,,TOTAL COUNTRY,EMEA,Eastern Europe excl Russia,EASTERN EUROPE,Wella,WORLD
MLWQBA,Total Coverage,GB Total Coverage,137,,1,MARKET_HIERARCHY,1,COUNTRY,GREAT BRITAIN,,,TOTAL COUNTRY,EMEA,GREAT BRITAIN,WESTERN EUROPE,Clairol,WORLD
NATA,Au Grocery + Pharmacy,Au Grocery + Pharmacy,138,,1,MARKET_HIERARCHY,1,COUNTRY,AUSTRALIA,,,TOTAL COUNTRY,APAC,AUSTRALIA,APAC,CLAIROL,WORLD
NL030402A,Food/Drug-Perfumery,NL Food/Drug-Perfumery,139,,1,MARKET_HIERARCHY,1,COUNTRY,NETHERLANDS,,,TOTAL COUNTRY,EMEA,BENELUX,WESTERN EUROPE,NA,WORLD
ROSST,ROSSMANN,ROSSMANN,140,,1,MARKET_HIERARCHY,1,COUNTRY,POLAND,,,TOTAL COUNTRY,EMEA,Eastern Europe excl Russia,EASTERN EUROPE,Wella,WORLD
UKAMAZON1A,UK AMAZON,UK AMAZON,141,,1,MARKET_HIERARCHY,1,COUNTRY,GREAT BRITAIN,,,TOTAL COUNTRY,EMEA,GREAT BRITAIN,WESTERN EUROPE,Clairol,WORLD
USAMAZON1A,US AMAZON,US AMAZON,142,,1,MARKET_HIERARCHY,1,COUNTRY,USA,,,TOTAL COUNTRY,AMERICAS,USA,NORTH AMERICA,CLAIROL,WORLD
DEAMAZON1,DE MASS PROFITERO,DE MASS PROFITERO,143,,1,MARKET_HIERARCHY,2,MARKET BREAKDOWN,GERMANY,,,DIVISION,,,,,
UKAMAZON1,UK MASS PROFITERO,UK MASS PROFITERO,144,,1,MARKET_HIERARCHY,2,MARKET BREAKDOWN,GREAT BRITAIN,,,DIVISION,,,,,
USAMAZON1,US MASS PROFITERO,US MASS PROFITERO,145,,1,MARKET_HIERARCHY,2,MARKET BREAKDOWN,USA,,,DIVISION,,,,,
M000000000002000145900000000000020005089,NATIONAL EXCL NFLD DRUG,NATIONAL EXCL NFLD DRUG,146,,1,MARKET_HIERARCHY,2,MARKET BREAKDOWN,CANADA,B&M,,INTERNATIONAL STORE TYPE,,,,,
M000000000002000165900000000000020005392,NATIONAL EXCL NFLD GB +MM,NATIONAL EXCL NFLD GB +MM,147,,1,MARKET_HIERARCHY,2,MARKET BREAKDOWN,CANADA,B&M,,INTERNATIONAL STORE TYPE,,,,,
M000000000002000166300000000000020005467,CA MASS NIELSEN,CA MASS NIELSEN,148,,1,MARKET_HIERARCHY,2,MARKET BREAKDOWN,CANADA,,,DIVISION,,,,,
M000000000002000166300000000000020005467A,NATIONAL EXCL NFLD GB +DR +MM,NATIONAL EXCL NFLD GB +DR +MM,149,,1,MARKET_HIERARCHY,1,COUNTRY,CANADA,,,TOTAL COUNTRY,AMERICAS,CANADA,NORTH AMERICA,CLAIROL,WORLD
M000000000002000226100000000000010003199,SDM NATIONAL,SDM NATIONAL,150,,1,MARKET_HIERARCHY,2,MARKET BREAKDOWN,CANADA,,,RETAILER,,,,,
M000000000002001009500000000000020043447,T. BRAZIL INA + INFC,T. BRASIL INA+INFC/BR,151,,1,MARKET_HIERARCHY,2,MARKET BREAKDOWN,BRAZIL,,,LOCAL CHANNEL,,,,,
M000000000002001009600000000000020043397,T. BRAZIL SS,T. BRASIL AS/BR,152,,1,MARKET_HIERARCHY,2,MARKET BREAKDOWN,BRAZIL,B&M,,INTERNATIONAL STORE TYPE,,,,,
M000000000002001009600000000000020043585,T. BRAZIL SS INDEP,T. BRASIL AS/T. BRASIL AS INDEPENDENTE/BR,153,,1,MARKET_HIERARCHY,2,MARKET BREAKDOWN,BRAZIL,,,LOCAL CHANNEL,,,,,
M000000000002001009600000000000020043600,T. BRAZIL SS MT,T. BRASIL AS/T. BRASIL AS MODERNO/BR,154,,1,MARKET_HIERARCHY,2,MARKET BREAKDOWN,BRAZIL,,,LOCAL CHANNEL,,,,,
M000000000002001009700000000000020043328,T. BRAZIL PERF,T. BRASIL PERFUMARIA/BR,155,,1,MARKET_HIERARCHY,2,MARKET BREAKDOWN,BRAZIL,B&M,,INTERNATIONAL STORE TYPE,,,,,
M000000000002001009900000000000020043308,T. BRAZIL PHARMA,T. BRASIL FARMACIA/BR,156,,1,MARKET_HIERARCHY,2,MARKET BREAKDOWN,BRAZIL,,,LOCAL CHANNEL,,,,,
M000000000002001009900000000000020043309,PHARMA INDEP,T. BRASIL FARMACIA/FARMACIA INDEPENDENTE/BR,157,,1,MARKET_HIERARCHY,2,MARKET BREAKDOWN,BRAZIL,B&M,,INTERNATIONAL STORE TYPE,,,,,
M000000000002001009900000000000020043318,PHARMA MT,T. BRASIL FARMACIA/FARMACIA MODERNO/BR,158,,1,MARKET_HIERARCHY,2,MARKET BREAKDOWN,BRAZIL,B&M,,INTERNATIONAL STORE TYPE,,,,,
M000000000002001012300000000000020043524,T. BRAZIL SS SMALL + SUPERETTE,T. BRASIL AS SUPERMERCADO PEQUENO/BR,159,,1,MARKET_HIERARCHY,2,MARKET BREAKDOWN,BRAZIL,,,LOCAL CHANNEL,,,,,
M000000000002001012400000000000020043515,T. BRAZIL SS HYPER,T. BRASIL AS HIPERMERCADO/BR,160,,1,MARKET_HIERARCHY,2,MARKET BREAKDOWN,BRAZIL,,,LOCAL CHANNEL,,,,,
M000000000002001012500000000000020043506,T. BRAZIL SS LARGE,T. BRASIL AS SUPERMERCADO GRANDE/BR,161,,1,MARKET_HIERARCHY,2,MARKET BREAKDOWN,BRAZIL,,,LOCAL CHANNEL,,,,,
M000000000002001013800000000000020043702,T. BRAZIL TRAD W CONS,T. BRASIL TRAD C CONS/BR,162,,1,MARKET_HIERARCHY,2,MARKET BREAKDOWN,BRAZIL,,,LOCAL CHANNEL,,,,,
M000000000002001014000000000000020043337,T. BRAZIL INA,T. BRASIL INA/BR,163,,1,MARKET_HIERARCHY,2,MARKET BREAKDOWN,BRAZIL,,,LOCAL CHANNEL,,,,,
M000000000002001014300000000000020043615,T. BRAZIL INFC,T. BRASIL INFC/BR,164,,1,MARKET_HIERARCHY,2,MARKET BREAKDOWN,BRAZIL,,,LOCAL CHANNEL,,,,,
M000000000002001014400000000000020043566,T. BRAZIL BAKERY,T. BRASIL PADARIA/BR,165,,1,MARKET_HIERARCHY,2,MARKET BREAKDOWN,BRAZIL,,,LOCAL CHANNEL,,,,,
M000000000002001014500000000000020043575,T. BRAZIL CONV,T. BRASIL CONVENIENCIA/BR,166,,1,MARKET_HIERARCHY,2,MARKET BREAKDOWN,BRAZIL,B&M,,INTERNATIONAL STORE TYPE,,,,,
M000000000002001014900000000000020043388,T. BRAZIL TRAD,T. BRASIL TRAD/BR,167,,1,MARKET_HIERARCHY,2,MARKET BREAKDOWN,BRAZIL,B&M,,INTERNATIONAL STORE TYPE,,,,,
M000000000002001027400000000000020044039,BR MASS NIELSEN,BR MASS NIELSEN,168,,1,MARKET_HIERARCHY,2,MARKET BREAKDOWN,BRAZIL,,,DIVISION,,,,,
M000000000002001027400000000000020044041,AREA_II,T. BRASIL INA+INFC+C&C/AREA_II/BR,169,,1,MARKET_HIERARCHY,2,MARKET BREAKDOWN,BRAZIL,,,DISTRICT,,,,,
M000000000002001027400000000000020044042,AREA_IV,T. BRASIL INA+INFC+C&C/AREA_IV/BR,170,,1,MARKET_HIERARCHY,2,MARKET BREAKDOWN,BRAZIL,,,DISTRICT,,,,,
M000000000002001027400000000000020044043,AREA_I,T. BRASIL INA+INFC+C&C/AREA_I/BR,171,,1,MARKET_HIERARCHY,2,MARKET BREAKDOWN,BRAZIL,,,DISTRICT,,,,,
M000000000002001027400000000000020044044,AREA_VII,T. BRASIL INA+INFC+C&C/AREA_VII/BR,172,,1,MARKET_HIERARCHY,2,MARKET BREAKDOWN,BRAZIL,,,DISTRICT,,,,,
M000000000002001027400000000000020044045,AREA_VI,T. BRASIL INA+INFC+C&C/AREA_VI/BR,173,,1,MARKET_HIERARCHY,2,MARKET BREAKDOWN,BRAZIL,,,DISTRICT,,,,,
M000000000002001027400000000000020044046,AREA_V,T. BRASIL INA+INFC+C&C/AREA_V/BR,174,,1,MARKET_HIERARCHY,2,MARKET BREAKDOWN,BRAZIL,,,DISTRICT,,,,,
M000000000002001027400000000000020044047,AREA_III,T. BRASIL INA+INFC+C&C/AREA_III/BR,175,,1,MARKET_HIERARCHY,2,MARKET BREAKDOWN,BRAZIL,,,DISTRICT,,,,,
M000000000002001235200000000000020049713,T. BRASIL C&C,T. BRASIL C&C/BR,176,,1,MARKET_HIERARCHY,2,MARKET BREAKDOWN,BRAZIL,B&M,,INTERNATIONAL STORE TYPE,,,,,
M2001027400000000000020044039A,TOTAL BRAZIL INA + INFC + C&C,T. BRASIL INA+INFC+C&C/BR,177,,1,MARKET_HIERARCHY,1,COUNTRY,BRAZIL,,,TOTAL COUNTRY,AMERICAS,Brazil,LATAM,WELLA,WORLD
RULA0,RALEIGH/DURHAM/FAYETTEVILLE SMM XAOC,RALEIGH/DURHAM/FAYETTEVILLE SMM XAOC,178,,1,MARKET_HIERARCHY,2,MARKET BREAKDOWN,USA,,,DISTRICT,,,,,
SCAX0,SALT LAKE CITY SMM XAOC,SALT LAKE CITY SMM XAOC,179,,1,MARKET_HIERARCHY,2,MARKET BREAKDOWN,USA,,,DISTRICT,,,,,
SDAE0,SEATTLE/TACOMA SMM XAOC,SEATTLE/TACOMA SMM XAOC,180,,1,MARKET_HIERARCHY,2,MARKET BREAKDOWN,USA,,,DISTRICT,,,,,
SDEN0,SAN FRANCISCO/OAKLAND/SAN JOSE SMM XAOC,SAN FRANCISCO/OAKLAND/SAN JOSE SMM XAOC,181,,1,MARKET_HIERARCHY,2,MARKET BREAKDOWN,USA,,,DISTRICT,,,,,
SMCT0,ST. LOUIS SMM XAOC,ST. LOUIS SMM XAOC,182,,1,MARKET_HIERARCHY,2,MARKET BREAKDOWN,USA,,,DISTRICT,,,,,
SOSN0,SACRAMENTO/STOCKTON/MODESTO SMM XAOC,SACRAMENTO/STOCKTON/MODESTO SMM XAOC,183,,1,MARKET_HIERARCHY,2,MARKET BREAKDOWN,USA,,,DISTRICT,,,,,
TDXBA,Total US Drug,Total US Drug,184,,1,MARKET_HIERARCHY,2,MARKET BREAKDOWN,USA,B&M,,INTERNATIONAL STORE TYPE,,,,,
TFBAX,TAMPA/FT. MYERS SMM XAOC,TAMPA/FT. MYERS SMM XAOC,185,,1,MARKET_HIERARCHY,2,MARKET BREAKDOWN,USA,,,DISTRICT,,,,,
TFXBA,Total US Food,Total US Food,186,,1,MARKET_HIERARCHY,2,MARKET BREAKDOWN,USA,B&M,,INTERNATIONAL STORE TYPE,,,,,
TUNAX,Total US xAOC,Total US xAOC,187,,1,MARKET_HIERARCHY,2,MARKET BREAKDOWN,USA,,,DIVISION,,,,,
TUNAXA,Total US xAOC,Total US xAOC,188,,1,MARKET_HIERARCHY,1,COUNTRY,USA,,,TOTAL COUNTRY,AMERICAS,USA,NORTH AMERICA,CLAIROL,WORLD
WCNA0,WASHINGTON DC/HAGERSTOWN SMM XAOC,WASHINGTON DC/HAGERSTOWN SMM XAOC,189,,1,MARKET_HIERARCHY,2,MARKET BREAKDOWN,USA,,,DISTRICT,,,,,
WMTTL,TOTAL WALMART TOTAL US CTA,TOTAL WALMART TOTAL US CTA,190,,1,MARKET_HIERARCHY,2,MARKET BREAKDOWN,USA,,WALMART GROUP,RETAILER,,,,,
ATCA0,ATLANTA SMM XAOC,ATLANTA SMM XAOC,191,,1,MARKET_HIERARCHY,2,MARKET BREAKDOWN,USA,,,DISTRICT,,,,,
BADF0,BUFFALO SMM XAOC,BUFFALO SMM XAOC,192,,1,MARKET_HIERARCHY,2,MARKET BREAKDOWN,USA,,,DISTRICT,,,,,
BAXD0,BIRMINGHAM/ANNISTON/TUSCALOOSA SMM XAOC,BIRMINGHAM/ANNISTON/TUSCALOOSA SMM XAOC,193,,1,MARKET_HIERARCHY,2,MARKET BREAKDOWN,USA,,,DISTRICT,,,,,
BOBN0,BOSTON/MANCHESTER SMM XAOC,BOSTON/MANCHESTER SMM XAOC,194,,1,MARKET_HIERARCHY,2,MARKET BREAKDOWN,USA,,,DISTRICT,,,,,
CAIX0,CINCINNATI SMM XAOC,CINCINNATI SMM XAOC,195,,1,MARKET_HIERARCHY,2,MARKET BREAKDOWN,USA,,,DISTRICT,,,,,
CDOU0,CHICAGO SMM XAOC,CHICAGO SMM XAOC,196,,1,MARKET_HIERARCHY,2,MARKET BREAKDOWN,USA,,,DISTRICT,,,,,
CLAD0,CHARLOTTE SMM XAOC,CHARLOTTE SMM XAOC,197,,1,MARKET_HIERARCHY,2,MARKET BREAKDOWN,USA,,,DISTRICT,,,,,
CLRA0,CLEVELAND/AKRON/CANTON SMM XAOC,CLEVELAND/AKRON/CANTON SMM XAOC,198,,1,MARKET_HIERARCHY,2,MARKET BREAKDOWN,USA,,,DISTRICT,,,,,
DDAW0,DALLAS/FT. WORTH SMM XAOC,DALLAS/FT. WORTH SMM XAOC,199,,1,MARKET_HIERARCHY,2,MARKET BREAKDOWN,USA,,,DISTRICT,,,,,
DOTD0,DETROIT SMM XAOC,DETROIT SMM XAOC,200,,1,MARKET_HIERARCHY,2,MARKET BREAKDOWN,USA,,,DISTRICT,,,,,
DOXM0,DENVER SMM XAOC,DENVER SMM XAOC,201,,1,MARKET_HIERARCHY,2,MARKET BREAKDOWN,USA,,,DISTRICT,,,,,
HMAT0,HARTFORD/NEW HAVEN SMM XAOC,HARTFORD/NEW HAVEN SMM XAOC,202,,1,MARKET_HIERARCHY,2,MARKET BREAKDOWN,USA,,,DISTRICT,,,,,
HSAC0,HOUSTON SMM XAOC,HOUSTON SMM XAOC,203,,1,MARKET_HIERARCHY,2,MARKET BREAKDOWN,USA,,,DISTRICT,,,,,
IAIM0,INDIANAPOLIS SMM XAOC,INDIANAPOLIS SMM XAOC,204,,1,MARKET_HIERARCHY,2,MARKET BREAKDOWN,USA,,,DISTRICT,,,,,
KKCS0,KANSAS CITY SMM XAOC,KANSAS CITY SMM XAOC,205,,1,MARKET_HIERARCHY,2,MARKET BREAKDOWN,USA,,,DISTRICT,,,,,
LLCU0,LOUISVILLE SMM XAOC,LOUISVILLE SMM XAOC,206,,1,MARKET_HIERARCHY,2,MARKET BREAKDOWN,USA,,,DISTRICT,,,,,
LLGV0,LAS VEGAS SMM XAOC,LAS VEGAS SMM XAOC,207,,1,MARKET_HIERARCHY,2,MARKET BREAKDOWN,USA,,,DISTRICT,,,,,
LSLE0,LOS ANGELES SMM XAOC,LOS ANGELES SMM XAOC,208,,1,MARKET_HIERARCHY,2,MARKET BREAKDOWN,USA,,,DISTRICT,,,,,
MALX0,MINNEAPOLIS/ST. PAUL SMM XAOC,MINNEAPOLIS/ST. PAUL SMM XAOC,209,,1,MARKET_HIERARCHY,2,MARKET BREAKDOWN,USA,,,DISTRICT,,,,,
MAUO0,MILWAUKEE SMM XAOC,MILWAUKEE SMM XAOC,210,,1,MARKET_HIERARCHY,2,MARKET BREAKDOWN,USA,,,DISTRICT,,,,,
MCMP0,MIAMI/WEST PALM BEACH SMM XAOC,MIAMI/WEST PALM BEACH SMM XAOC,211,,1,MARKET_HIERARCHY,2,MARKET BREAKDOWN,USA,,,DISTRICT,,,,,
NEIO0,NASHVILLE SMM XAOC,NASHVILLE SMM XAOC,212,,1,MARKET_HIERARCHY,2,MARKET BREAKDOWN,USA,,,DISTRICT,,,,,
NNDW0,NEW YORK SMM XAOC,NEW YORK SMM XAOC,213,,1,MARKET_HIERARCHY,2,MARKET BREAKDOWN,USA,,,DISTRICT,,,,,
NNLA0,NEW ORLEANS SMM XAOC,NEW ORLEANS SMM XAOC,214,,1,MARKET_HIERARCHY,2,MARKET BREAKDOWN,USA,,,DISTRICT,,,,,
PAOM0,PHOENIX/PRESCOTT SMM XAOC,PHOENIX/PRESCOTT SMM XAOC,215,,1,MARKET_HIERARCHY,2,MARKET BREAKDOWN,USA,,,DISTRICT,,,,,
PLOI0,PHILADELPHIA SMM XAOC,PHILADELPHIA SMM XAOC,216,,1,MARKET_HIERARCHY,2,MARKET BREAKDOWN,USA,,,DISTRICT,,,,,
PUOH0,PITTSBURGH SMM XAOC,PITTSBURGH SMM XAOC,217,,1,MARKET_HIERARCHY,2,MARKET BREAKDOWN,USA,,,DISTRICT,,,,,
CTCTA,CVS TOTAL CORP WO HI CENSUS TA,CVS TOTAL CORP WO HI CENSUS TA,218,,1,MARKET_HIERARCHY,2,MARKET BREAKDOWN,USA,,CVS,RETAILER,,,,,
M000000000002001882400000000000020105114,TOTAL CORPORACION FARMACITY,TOTAL CORPORACION FARMACITY,219,,1,MARKET_HIERARCHY,2,MARKET BREAKDOWN,ARGENTINA,,,RETAILER,,,,,
M000000000002001882400000000000020105115,TOTAL CORP FARMACITY GBA,TOTAL CORP FARMACITY GBA,220,,1,MARKET_HIERARCHY,2,MARKET BREAKDOWN,ARGENTINA,,,RETAILER,,,,,
M000000000002001882400000000000020105116,TOTAL CORP FARMACITY SUBURBIOS,TOTAL CORP FARMACITY SUBURBIOS,221,,1,MARKET_HIERARCHY,2,MARKET BREAKDOWN,ARGENTINA,,,LOCAL CHANNEL,,,,,
M000000000002001882400000000000020105117,TOTAL CORP FARMACITY CAPITAL,TOTAL CORP FARMACITY CAPITAL,222,,1,MARKET_HIERARCHY,2,MARKET BREAKDOWN,ARGENTINA,,,LOCAL CHANNEL,,,,,
M000000000002001882400000000000020105118,TOTAL CORP FARMACITY INTERIOR,TOTAL CORP FARMACITY INTERIOR,223,,1,MARKET_HIERARCHY,2,MARKET BREAKDOWN,ARGENTINA,,,LOCAL CHANNEL,,,,,
M000000000002001882900000000000020105309,AR MASS NIELSEN,AR MASS NIELSEN,224,,1,MARKET_HIERARCHY,2,MARKET BREAKDOWN,ARGENTINA,,,DIVISION,,,,,
M000000000002001882900000000000020105309A,SCAN FARMA+PERFU GBA,AR SCAN FARMA+PERFU GBA,225,,1,MARKET_HIERARCHY,1,COUNTRY,ARGENTINA,,,TOTAL COUNTRY,AMERICAS,ARGENTINA,LATAM,NA,WORLD
M000000000002001883000000000000020105388,TOTAL LOOK,TOTAL LOOK,226,,1,MARKET_HIERARCHY,2,MARKET BREAKDOWN,ARGENTINA,,,RETAILER,,,,,
M000000000002001883100000000000020105310,TOTAL FARMACITY,TOTAL FARMACITY,227,,1,MARKET_HIERARCHY,2,MARKET BREAKDOWN,ARGENTINA,,,RETAILER,,,,,
M000000000002001883100000000000020105311,TOTAL FARMACITY INTERIOR,TOTAL FARMACITY INTERIOR,228,,1,MARKET_HIERARCHY,2,MARKET BREAKDOWN,ARGENTINA,,,LOCAL CHANNEL,,,,,
M000000000002001883100000000000020105333,TOTAL FARMACITY MENDOZA,TOTAL FARMACITY MENDOZA,229,,1,MARKET_HIERARCHY,2,MARKET BREAKDOWN,ARGENTINA,,,LOCAL CHANNEL,,,,,
M000000000002001883100000000000020105352,TOTAL FARMACITY GBA,TOTAL FARMACITY GBA,230,,1,MARKET_HIERARCHY,2,MARKET BREAKDOWN,ARGENTINA,,,LOCAL CHANNEL,,,,,
M000000000002001883100000000000020105353,TOTAL FARMACITY CAPITAL,TOTAL FARMACITY CAPITAL,231,,1,MARKET_HIERARCHY,2,MARKET BREAKDOWN,ARGENTINA,,,LOCAL CHANNEL,,,,,
M000000000002001883200000000000020105371,TOTAL SIMPLICITY,TOTAL SIMPLICITY,232,,1,MARKET_HIERARCHY,2,MARKET BREAKDOWN,ARGENTINA,,,RETAILER,,,,,
M000000000002001883300000000000020105356,TOTAL PERFUGROUP,TOTAL PERFUGROUP,233,,1,MARKET_HIERARCHY,2,MARKET BREAKDOWN,ARGENTINA,,,RETAILER,,,,,
M000000000002001882900000000000020105309B,MODERN CHANNEL,MODERN CHANNEL,234,,1,MARKET_HIERARCHY,2,MARKET BREAKDOWN,ARGENTINA,B&M,,INTERNATIONAL STORE TYPE,,,,,
FYLTA,FAMILY DOLLAR TOTAL CENSUS TRADING AREA,FAMILY DOLLAR TOTAL CENSUS TRADING AREA,235,,1,MARKET_HIERARCHY,2,MARKET BREAKDOWN,USA,,,RETAILER,,,,,
M000000000000001363900000000000001496328,CZ ORGANIZED TRADE FOOD,CZ ORGANIZED TRADE FOOD,236,,1,MARKET_HIERARCHY,2,MARKET BREAKDOWN,CZECH REPUBLIC,,,LOCAL CHANNEL,,,,,
M000000000000110235300000000000001496067,CZ MASS NIELSEN,CZ MASS NIELSEN,237,,1,MARKET_HIERARCHY,2,MARKET BREAKDOWN,CZECH REPUBLIC,,,DIVISION,,,,,
M000000000000110235300000000000001496067A,CZ TOTAL CZECH FOOD/DRUG,CZ TOTAL CZECH FOOD/DRUG,238,,1,MARKET_HIERARCHY,1,COUNTRY,CZECH REPUBLIC,,,TOTAL COUNTRY,EMEA,Eastern Europe excl Russia,EASTERN EUROPE,NA,WORLD
M000000000000110235300000000000001496068,CZ TRADITIONAL STORES,CZ TRADITIONAL STORES,239,,1,MARKET_HIERARCHY,2,MARKET BREAKDOWN,CZECH REPUBLIC,B&M,,INTERNATIONAL STORE TYPE,,,,,
M000000000000110235300000000000001496069,CZ ORGANIZED TRADE FOOD/DRUG,CZ ORGANIZED TRADE FOOD/DRUG,240,,1,MARKET_HIERARCHY,2,MARKET BREAKDOWN,CZECH REPUBLIC,,,LOCAL CHANNEL,,,,,
M000000000000110235300000000000001496070,CZ SUPERMARKETS,CZ SUPERMARKETS,241,,1,MARKET_HIERARCHY,2,MARKET BREAKDOWN,CZECH REPUBLIC,B&M,,INTERNATIONAL STORE TYPE,,,,,
M000000000000110235300000000000001496071,CZ CONVENIENCE STORES,CZ CONVENIENCE STORES,242,,1,MARKET_HIERARCHY,2,MARKET BREAKDOWN,CZECH REPUBLIC,B&M,,INTERNATIONAL STORE TYPE,,,,,
M000000000000110235300000000000001496072,CZ DRUGSTORES,CZ DRUGSTORES,243,,1,MARKET_HIERARCHY,2,MARKET BREAKDOWN,CZECH REPUBLIC,B&M,,INTERNATIONAL STORE TYPE,,,,,
M000000000000110235300000000000001496073,CZ HYPERMARKETS,CZ HYPERMARKETS,244,,1,MARKET_HIERARCHY,2,MARKET BREAKDOWN,CZECH REPUBLIC,B&M,,INTERNATIONAL STORE TYPE,,,,,
