TAG,SHORT,LONG,DISPLAY_ORDER,PARENT_TAG,HIER_NUM,HIER_NAME,HIER_LEVEL_NUM,HIER_LEVEL_NAME,CALENDAR_YEARS,CQ,FQ,FQTD,FULL_CQ,FULL_FQ,FY,FYTD,MATS,QTD,YTDS
18-May,May-18,May-18,1,,,,,,,,,,,,,,,,
18-Jun,Jun-18,Jun-18,2,,,,,,,,,,,,,,,,
18-Jul,Jul-18,Jul-18,3,,,,,,,,,,,,,,,,
18-Aug,Aug-18,Aug-18,4,,,,,,,,,,,,,,,,
18-Sep,Sep-18,Sep-18,5,,,,,,,,,,,,,,,,
18-Oct,Oct-18,Oct-18,6,,,,,,,,,,,,,,,,
18-Nov,Nov-18,Nov-18,7,,,,,,,,,,,,,,,,
18-Dec,Dec-18,Dec-18,8,,,,,,,,,,,,,,,,
19-Jan,Jan-19,Jan-19,9,,,,,,,,,,,,,,,,
19-Feb,Feb-19,Feb-19,10,,,,,,,,,,,,,,,,
19-Mar,Mar-19,Mar-19,11,,,,,,CY-2,CQ-9,FQ-9,FQTD-9,FULL_CQ-9,FULL_FQ-9,FY-2,,,QTD-9,YTD_2YA
19-Apr,Apr-19,Apr-19,12,,,,,,CY-2,CQ-8,FQ-8,FQTD-8,FULL_CQ-8,FULL_FQ-8,FY-2,,,QTD-8,YTD_2YA
19-May,May-19,May-19,13,,,,,,CY-2,CQ-8,FQ-8,FQTD-8,FULL_CQ-8,FULL_FQ-8,FY-2,,,QTD-8,YTD_2YA
19-Jun,Jun-19,Jun-19,14,,,,,,CY-2,CQ-8,FQ-8,FQTD-8,FULL_CQ-8,FULL_FQ-8,FY-2,,,QTD-8,YTD_2YA
19-Jul,Jul-19,Jul-19,15,,,,,,CY-2,CQ-7,FQ-7,FQTD-7,FULL_CQ-7,FULL_FQ-7,FY-1,FYTD-1,MAT_YA,QTD-7,
19-Aug,Aug-19,Aug-19,16,,,,,,CY-2,CQ-7,FQ-7,FQTD-7,FULL_CQ-7,FULL_FQ-7,FY-1,FYTD-1,MAT_YA,QTD-7,
19-Sep,Sep-19,Sep-19,17,,,,,,CY-2,CQ-7,FQ-7,FQTD-7,FULL_CQ-7,FULL_FQ-7,FY-1,FYTD-1,MAT_YA,QTD-7,
19-Oct,Oct-19,Oct-19,18,,,,,,CY-2,CQ-6,FQ-6,FQTD-6,FULL_CQ-6,FULL_FQ-6,FY-1,FYTD-1,MAT_YA,QTD-6,
19-Nov,Nov-19,Nov-19,19,,,,,,CY-2,CQ-6,FQ-6,FQTD-6,FULL_CQ-6,FULL_FQ-6,FY-1,FYTD-1,MAT_YA,QTD-6,
19-Dec,Dec-19,Dec-19,20,,,,,,CY-2,CQ-6,FQ-6,FQTD-6,FULL_CQ-6,FULL_FQ-6,FY-1,FYTD-1,MAT_YA,QTD-6,
20-Jan,Jan-20,Jan-20,21,,,,,,CY-1,CQ-5,FQ-5,FQTD-5,FULL_CQ-5,FULL_FQ-5,FY-1,FYTD-1,MAT_YA,QTD-5,YTD_YA
20-Feb,Feb-20,Feb-20,22,,,,,,CY-1,CQ-5,FQ-5,FQTD-5,FULL_CQ-5,FULL_FQ-5,FY-1,FYTD-1,MAT_YA,QTD-5,YTD_YA
20-Mar,Mar-20,Mar-20,23,,,,,,CY-1,CQ-5,FQ-5,FQTD-5,FULL_CQ-5,FULL_FQ-5,FY-1,FYTD-1,MAT_YA,QTD-5,YTD_YA
20-Apr,Apr-20,Apr-20,24,,,,,,CY-1,CQ-4,FQ-4,FQTD-4,FULL_CQ-4,FULL_FQ-4,FY-1,FYTD-1,MAT_YA,QTD-4,YTD_YA
20-May,May-20,May-20,25,,,,,,CY-1,CQ-4,FQ-4,FQTD-4,FULL_CQ-4,FULL_FQ-4,FY-1,FYTD-1,MAT_YA,QTD-4,YTD_YA
20-Jun,Jun-20,Jun-20,26,,,,,,CY-1,CQ-4,FQ-4,FQTD-4,FULL_CQ-4,FULL_FQ-4,FY-1,FYTD-1,MAT_YA,QTD-4,YTD_YA
20-Jul,Jul-20,Jul-20,27,,,,,,CY-1,CQ-3,FQ-3,FQTD-3,FULL_CQ-3,FULL_FQ-3,FY-0,FYTD-0,MAT_TY,QTD-3,
20-Aug,Aug-20,Aug-20,28,,,,,,CY-1,CQ-3,FQ-3,FQTD-3,FULL_CQ-3,FULL_FQ-3,FY-0,FYTD-0,MAT_TY,QTD-3,
20-Sep,Sep-20,Sep-20,29,,,,,,CY-1,CQ-3,FQ-3,FQTD-3,FULL_CQ-3,FULL_FQ-3,FY-0,FYTD-0,MAT_TY,QTD-3,
20-Oct,Oct-20,Oct-20,30,,,,,,CY-1,CQ-2,FQ-2,FQTD-2,FULL_CQ-2,FULL_FQ-2,FY-0,FYTD-0,MAT_TY,QTD-2,
20-Nov,Nov-20,Nov-20,31,,,,,,CY-1,CQ-2,FQ-2,FQTD-2,FULL_CQ-2,FULL_FQ-2,FY-0,FYTD-0,MAT_TY,QTD-2,
20-Dec,Dec-20,Dec-20,32,,,,,,CY-1,CQ-2,FQ-2,FQTD-2,FULL_CQ-2,FULL_FQ-2,FY-0,FYTD-0,MAT_TY,QTD-2,
21-Jan,Jan-21,Jan-21,33,,,,,,CY-0,CQ-1,FQ-1,FQTD-1,FULL_CQ-1,FULL_FQ-1,FY-0,FYTD-0,MAT_TY,QTD-1,YTD_TY
21-Feb,Feb-21,Feb-21,34,,,,,,CY-0,CQ-1,FQ-1,FQTD-1,FULL_CQ-1,FULL_FQ-1,FY-0,FYTD-0,MAT_TY,QTD-1,YTD_TY
21-Mar,Mar-21,Mar-21,35,,,,,,CY-0,CQ-1,FQ-1,FQTD-1,FULL_CQ-1,FULL_FQ-1,FY-0,FYTD-0,MAT_TY,QTD-1,YTD_TY
21-Apr,Apr-21,Apr-21,36,,,,,,CY-0,CQ-0,FQ-0,FQTD-0,FULL_CQ-0,FULL_FQ-0,FY-0,FYTD-0,MAT_TY,QTD-0,YTD_TY
21-May,May-21,May-21,37,,,,,,CY-0,CQ-0,FQ-0,FQTD-0,FULL_CQ-0,FULL_FQ-0,FY-0,FYTD-0,MAT_TY,QTD-0,YTD_TY
21-Jun,Jun-21,Jun-21,38,,,,,,CY-0,CQ-0,FQ-0,FQTD-0,FULL_CQ-0,FULL_FQ-0,FY-0,FYTD-0,MAT_TY,QTD-0,YTD_TY
