{
    "data_sources": [
        {
            "data_source": "platform_mysql",
            "databases": [
                {
                    "databasename": "customer_management",
                    "secret_name": "dl_cdl_customer_management_mysql",
                    "table_details": [
                        {
                            "source_table_name": "customers",
                            "select_column": "*",
                            "is_archive": "N",
                            "source_archive_bucket": "dl-cdl-dev-bronze",
                            "target_archive_bucket": "dl-cdl-dev-bronze",
                            "archive_location": "dl_bronze_dev/data_archive/platform_mysql/customer_management/customers/",
                            "archive_duration": "10",
                            "load_type": "I",
                            "cdc_column": "created_on, modified_on",                            
                            "target_type": "s3",
                            "target_write_mode": "overwrite",
                            "target_partition_col": "load_date",
                            "target_repartition_no": "1",
                            "target_location": "s3://dl-cdl-dev-bronze/dl_bronze_dev/platform_mysql/customer_management/customers/",
                            "target_database_name": "dl_bronze_dev",
                            "target_table_name": "pf_customer_management_customers"
                        },
                        {
                            "source_table_name": "customer_subscription",
                            "select_column": "*",
                            "is_archive": "N",
                            "source_archive_bucket": "dl-cdl-dev-bronze",
                            "target_archive_bucket": "dl-cdl-dev-bronze",
                            "archive_location": "dl_bronze_dev/data_archive/platform_mysql/customer_management/customer_subscription/",
                            "archive_duration": "10",
                            "load_type": "I",
                            "cdc_column": "created_on, modified_on",
                            "target_type": "s3",
                            "target_write_mode": "overwrite",
                            "target_partition_col": "load_date",
                            "target_repartition_no": "1",
                            "target_location": "s3://dl-cdl-dev-bronze/dl_bronze_dev/platform_mysql/customer_management/customer_subscription/",
                            "target_database_name": "dl_bronze_dev",
                            "target_table_name": "pf_customer_management_customer_subscription"
                        },
                        {
                            "source_table_name": "externalcustomer_map",
                            "select_column": "*",
                            "is_archive": "N",
                            "source_archive_bucket": "dl-cdl-dev-bronze",
                            "target_archive_bucket": "dl-cdl-dev-bronze",
                            "archive_location": "dl_bronze_dev/data_archive/platform_mysql/customer_management/externalcustomer_map/",
                            "archive_duration": "10",
                            "load_type": "I",
                            "cdc_column": "created_on, modified_on",
                            "target_type": "s3",
                            "target_write_mode": "overwrite",
                            "target_partition_col": "load_date",
                            "target_repartition_no": "1",
                            "target_location": "s3://dl-cdl-dev-bronze/dl_bronze_dev/platform_mysql/customer_management/externalcustomer_map/",
                            "target_database_name": "dl_bronze_dev",
                            "target_table_name": "pf_customer_management_externalcustomer_map"
                        },
                        {
                            "source_table_name": "customerhierarchy_map",
                            "select_column": "*",
                            "is_archive": "N",
                            "source_archive_bucket": "dl-cdl-dev-bronze",
                            "target_archive_bucket": "dl-cdl-dev-bronze",
                            "archive_location": "dl_bronze_dev/data_archive/platform_mysql/customer_management/customerhierarchy_map/",
                            "archive_duration": "10",
                            "load_type": "I",
                            "cdc_column": "created_on, modified_on",
                            "target_type": "s3",
                            "target_write_mode": "overwrite",
                            "target_partition_col": "load_date",
                            "target_repartition_no": "1",
                            "target_location": "s3://dl-cdl-dev-bronze/dl_bronze_dev/platform_mysql/customer_management/customerhierarchy_map/",
                            "target_database_name": "dl_bronze_dev",
                            "target_table_name": "pf_customer_management_customerhierarchy_map"
                        },
                        {
                            "source_table_name": "deleted_customers",
                            "select_column": "*",
                            "is_archive": "N",
                            "source_archive_bucket": "dl-cdl-dev-bronze",
                            "target_archive_bucket": "dl-cdl-dev-bronze",
                            "archive_location": "dl_bronze_dev/data_archive/platform_mysql/customer_management/deleted_customers/",
                            "archive_duration": "10",
                            "load_type": "I",
                            "cdc_column": "created_on, deleted_on",
                            "target_type": "s3",
                            "target_write_mode": "overwrite",
                            "target_partition_col": "load_date",
                            "target_repartition_no": "1",
                            "target_location": "s3://dl-cdl-dev-bronze/dl_bronze_dev/platform_mysql/customer_management/deleted_customers/",
                            "target_database_name": "dl_bronze_dev",
                            "target_table_name": "pf_customer_management_deleted_customers"
                        }
                    ]
                },
                {
                    "databasename": "user_management",
                    "secret_name": "dl_cdl_customer_management_mysql",
                    "table_details": [
                        {
                            "source_table_name": "externaluser_map",
                            "select_column": "*",
                            "is_archive": "N",
                            "source_archive_bucket": "dl-cdl-dev-bronze",
                            "target_archive_bucket": "dl-cdl-dev-bronze",
                            "archive_location": "dl_bronze_dev/data_archive/platform_mysql/user_management/externaluser_map/",
                            "archive_duration": "10",
                            "load_type": "I",
                            "cdc_column": "created_on, modified_on",
                            "target_type": "s3",
                            "target_write_mode": "overwrite",
                            "target_partition_col": "load_date",
                            "target_repartition_no": "1",
                            "target_location": "s3://dl-cdl-dev-bronze/dl_bronze_dev/platform_mysql/user_management/externaluser_map/",
                            "target_database_name": "dl_bronze_dev",
                            "target_table_name": "pf_user_management_externaluser_map"
                        },
                        {
                            "source_table_name": "profiles",
                            "select_column": "*",
                            "is_archive": "N",
                            "source_archive_bucket": "dl-cdl-dev-bronze",
                            "target_archive_bucket": "dl-cdl-dev-bronze",
                            "archive_location": "dl_bronze_dev/data_archive/platform_mysql/user_management/profiles/",
                            "archive_duration": "10",
                            "load_type": "I",
                            "cdc_column": "created_on, modified_on",
                            "target_type": "s3",
                            "target_write_mode": "overwrite",
                            "target_partition_col": "load_date",
                            "target_repartition_no": "1",
                            "target_location": "s3://dl-cdl-dev-bronze/dl_bronze_dev/platform_mysql/user_management/profiles/",
                            "target_database_name": "dl_bronze_dev",
                            "target_table_name": "pf_user_management_profiles"
                        },
                        {
                            "source_table_name": "roles",
                            "select_column": "*",
                            "is_archive": "N",
                            "source_archive_bucket": "dl-cdl-dev-bronze",
                            "target_archive_bucket": "dl-cdl-dev-bronze",
                            "archive_location": "dl_bronze_dev/data_archive/platform_mysql/user_management/roles/",
                            "archive_duration": "10",
                            "load_type": "I",
                            "cdc_column": "created_on, modified_on",
                            "target_type": "s3",
                            "target_write_mode": "overwrite",
                            "target_partition_col": "load_date",
                            "target_repartition_no": "1",
                            "target_location": "s3://dl-cdl-dev-bronze/dl_bronze_dev/platform_mysql/user_management/roles/",
                            "target_database_name": "dl_bronze_dev",
                            "target_table_name": "pf_user_management_roles"
                        },
                        {
                            "source_table_name": "permissions",
                            "select_column": "*",
                            "is_archive": "Y",
                            "source_archive_bucket": "dl-cdl-dev-bronze",
                            "target_archive_bucket": "dl-cdl-dev-bronze",
                            "archive_location": "dl_bronze_dev/data_archive/platform_mysql/user_management/permissions/",
                            "archive_duration": "10",
                            "load_type": "F",
                            "cdc_column": "created_on, modified_on",
                            "target_type": "s3",
                            "target_write_mode": "overwrite",
                            "target_partition_col": "load_date",
                            "target_repartition_no": "1",
                            "target_location": "s3://dl-cdl-dev-bronze/dl_bronze_dev/platform_mysql/user_management/permissions/",
                            "target_database_name": "dl_bronze_dev",
                            "target_table_name": "pf_user_management_permissions"
                        },
                        {
                            "source_table_name": "role_permissions_mapping",
                            "select_column": "*",
                            "is_archive": "Y",
                            "source_archive_bucket": "dl-cdl-dev-bronze",
                            "target_archive_bucket": "dl-cdl-dev-bronze",
                            "archive_location": "dl_bronze_dev/data_archive/platform_mysql/user_management/role_permissions_mapping/",
                            "archive_duration": "10",
                            "load_type": "F",
                            "cdc_column": "created_on, modified_on",
                            "target_type": "s3",
                            "target_write_mode": "overwrite",
                            "target_partition_col": "load_date",
                            "target_repartition_no": "1",
                            "target_location": "s3://dl-cdl-dev-bronze/dl_bronze_dev/platform_mysql/user_management/role_permissions_mapping/",
                            "target_database_name": "dl_bronze_dev",
                            "target_table_name": "pf_user_management_role_permissions_mapping"
                        },
                        {
                            "source_table_name": "teams",
                            "select_column": "*",
                            "is_archive": "N",
                            "source_archive_bucket": "dl-cdl-dev-bronze",
                            "target_archive_bucket": "dl-cdl-dev-bronze",
                            "archive_location": "dl_bronze_dev/data_archive/platform_mysql/user_management/teams/",
                            "archive_duration": "10",
                            "load_type": "I",
                            "cdc_column": "created_on, modified_on",
                            "target_type": "s3",
                            "target_write_mode": "overwrite",
                            "target_partition_col": "load_date",
                            "target_repartition_no": "1",
                            "target_location": "s3://dl-cdl-dev-bronze/dl_bronze_dev/platform_mysql/user_management/teams/",
                            "target_database_name": "dl_bronze_dev",
                            "target_table_name": "pf_user_management_teams"
                        }
                    ]
                },
                {
                    "databasename": "asset_management",
                    "secret_name": "dl_cdl_customer_management_mysql",
                    "table_details": [
                        {
                            "source_table_name": "assets",
                            "select_column": "*",
                            "is_archive": "N",
                            "source_archive_bucket": "dl-cdl-dev-bronze",
                            "target_archive_bucket": "dl-cdl-dev-bronze",
                            "archive_location": "dl_bronze_dev/data_archive/platform_mysql/asset_management/assets/",
                            "archive_duration": "10",
                            "load_type": "I",
                            "cdc_column": "created_at",
                            "target_type": "s3",
                            "target_write_mode": "overwrite",
                            "target_partition_col": "load_date",
                            "target_repartition_no": "1",
                            "target_location": "s3://dl-cdl-dev-bronze/dl_bronze_dev/platform_mysql/asset_management/assets/",
                            "target_database_name": "dl_bronze_dev",
                            "target_table_name": "pf_asset_management_assets"
                        },
                        {
                            "source_table_name": "projects",
                            "select_column": "*",
                            "is_archive": "N",
                            "source_archive_bucket": "dl-cdl-dev-bronze",
                            "target_archive_bucket": "dl-cdl-dev-bronze",
                            "archive_location": "dl_bronze_dev/data_archive/platform_mysql/asset_management/projects/",
                            "archive_duration": "10",
                            "load_type": "I",
                            "cdc_column": "created_at,updated_at",
                            "target_type": "s3",
                            "target_write_mode": "overwrite",
                            "target_partition_col": "load_date",
                            "target_repartition_no": "1",
                            "target_location": "s3://dl-cdl-dev-bronze/dl_bronze_dev/platform_mysql/asset_management/projects/",
                            "target_database_name": "dl_bronze_dev",
                            "target_table_name": "pf_asset_management_projects"
                        },
                        {
                            "source_table_name": "project_assets",
                            "select_column": "*",
                            "is_archive": "N",
                            "source_archive_bucket": "dl-cdl-dev-bronze",
                            "target_archive_bucket": "dl-cdl-dev-bronze",
                            "archive_location": "dl_bronze_dev/data_archive/platform_mysql/asset_management/project_assets/",
                            "archive_duration": "10",
                            "load_type": "I",
                            "cdc_column": "created_at",
                            "target_type": "s3",
                            "target_write_mode": "overwrite",
                            "target_partition_col": "load_date",
                            "target_repartition_no": "1",
                            "target_location": "s3://dl-cdl-dev-bronze/dl_bronze_dev/platform_mysql/asset_management/project_assets/",
                            "target_database_name": "dl_bronze_dev",
                            "target_table_name": "pf_asset_management_project_assets"
                        },
                        {
                            "source_table_name": "projects_Archival",
                            "select_column": "*",
                            "is_archive": "N",
                            "source_archive_bucket": "dl-cdl-dev-bronze",
                            "target_archive_bucket": "dl-cdl-dev-bronze",
                            "archive_location": "dl_bronze_dev/data_archive/platform_mysql/asset_management/projects_Archival/",
                            "archive_duration": "10",
                            "load_type": "I",
                            "cdc_column": "created_at, updated_at",
                            "target_type": "s3",
                            "target_write_mode": "overwrite",
                            "target_partition_col": "load_date",
                            "target_repartition_no": "1",
                            "target_location": "s3://dl-cdl-dev-bronze/dl_bronze_dev/platform_mysql/asset_management/projects_Archival/",
                            "target_database_name": "dl_bronze_dev",
                            "target_table_name": "pf_asset_management_projects_archival"
                        }
                    ]
                }
            ]
        },
        {
            "data_source": "heap_redshift",
            "databases": [
                {
                    "databasename": "heap",
                    "secret_name": "dl_cdl_heap_redshift",
                    "table_details": [
                        {
                            "source_table_name": "all_events",
                            "schema": "mosaic_production",
                            "select_column": "*",
                            "is_archive": "Y",
                            "source_archive_bucket": "dl-cdl-dev-bronze",
                            "target_archive_bucket": "dl-cdl-dev-bronze",
                            "archive_location": "dl_bronze_dev/data_archive/heap_redshift/heap/all_events/",
                            "archive_duration": "10",
                            "load_type": "F",
                            "cdc_column": "",
                            "target_type": "s3",
                            "target_write_mode": "overwrite",
                            "target_partition_col": "",
                            "target_repartition_no": "1",
                            "target_location": "s3://dl-cdl-dev-bronze/dl_bronze_dev/heap_redshift/heap/all_events/",
                            "target_database_name": "dl_bronze_dev",
                            "target_table_name": "heap_all_events"
                        },
                        {
                            "source_table_name": "users",
                            "schema": "mosaic_production",
                            "select_column": "*",
                            "is_archive": "Y",
                            "source_archive_bucket": "dl-cdl-dev-bronze",
                            "target_archive_bucket": "dl-cdl-dev-bronze",
                            "archive_location": "dl_bronze_dev/data_archive/heap_redshift/heap/users/",
                            "archive_duration": "10",
                            "load_type": "F",
                            "cdc_column": "created_on, modified_on",
                            "target_type": "s3",
                            "target_write_mode": "overwrite",
                            "target_partition_col": "",
                            "target_repartition_no": "1",
                            "target_location": "s3://dl-cdl-dev-bronze/dl_bronze_dev/heap_redshift/heap/users/",
                            "target_database_name": "dl_bronze_dev",
                            "target_table_name": "heap_users"
                        },
                        {
                            "source_table_name": "sessions",
                            "schema": "mosaic_production",
                            "select_column": "*",
                            "is_archive": "Y",
                            "source_archive_bucket": "dl-cdl-dev-bronze",
                            "target_archive_bucket": "dl-cdl-dev-bronze",
                            "archive_location": "dl_bronze_dev/data_archive/heap_redshift/heap/sessions/",
                            "archive_duration": "10",
                            "load_type": "F",
                            "cdc_column": "created_on, modified_on",
                            "target_type": "s3",
                            "target_write_mode": "overwrite",
                            "target_partition_col": "",
                            "target_repartition_no": "1",
                            "target_location": "s3://dl-cdl-dev-bronze/dl_bronze_dev/heap_redshift/heap/sessions/",
                            "target_database_name": "dl_bronze_dev",
                            "target_table_name": "heap_sessions"
                        },
                        {
                            "source_table_name": "web_kit_downloaded_successfully",
                            "schema": "mosaic_production",
                            "select_column": "*",
                            "is_archive": "Y",
                            "source_archive_bucket": "dl-cdl-dev-bronze",
                            "target_archive_bucket": "dl-cdl-dev-bronze",
                            "archive_location": "dl_bronze_dev/data_archive/heap_redshift/heap/web_kit_downloaded_successfully/",
                            "archive_duration": "10",
                            "load_type": "F",
                            "cdc_column": "created_on, modified_on",
                            "target_type": "s3",
                            "target_write_mode": "overwrite",
                            "target_partition_col": "",
                            "target_repartition_no": "1",
                            "target_location": "s3://dl-cdl-dev-bronze/dl_bronze_dev/heap_redshift/heap/web_kit_downloaded_successfully/",
                            "target_database_name": "dl_bronze_dev",
                            "target_table_name": "heap_web_kit_downloaded_successfully"
                        }
                    ]
                }
            ]
        },
        {
            "data_source": "snowflake",
            "databases": [
                {
                    "databasename": "fivetran",
                    "table_details": [
                        {
                            "source_table_name": "account",
                            "source_table_schema": "salesforce",
                            "select_column": "*",
                            "is_archive": "N",
                            "source_archive_bucket": "dl-cdl-dev-bronze",
                            "target_archive_bucket": "dl-cdl-dev-bronze",
                            "archive_location": "dl_bronze_dev/data_archive/snowflake/fivetran/account/",
                            "archive_duration": "10",
                            "load_type": "I",
                            "cdc_column": "last_modified_date",
                            "target_type": "s3",
                            "target_write_mode": "overwrite",
                            "target_partition_col": "",
                            "target_repartition_no": "1",
                            "target_location": "s3://dl-cdl-dev-bronze/dl_bronze_dev/snowflake/fivetran/account/",
                            "target_database_name": "dl_bronze_dev",
                            "target_table_name": "fivetran_account"
                        },
                        {
                            "source_table_name": "opportunity",
                            "source_table_schema": "salesforce",
                            "select_column": "*",
                            "is_archive": "N",
                            "source_archive_bucket": "dl-cdl-dev-bronze",
                            "target_archive_bucket": "dl-cdl-dev-bronze",
                            "archive_location": "dl_bronze_dev/data_archive/snowflake/fivetran/opportunity/",
                            "archive_duration": "10",
                            "load_type": "I",
                            "cdc_column": "last_modified_date",
                            "target_type": "s3",
                            "target_write_mode": "overwrite",
                            "target_partition_col": "",
                            "target_repartition_no": "1",
                            "target_location": "s3://dl-cdl-dev-bronze/dl_bronze_dev/snowflake/fivetran/opportunity/",
                            "target_database_name": "dl_bronze_dev",
                            "target_table_name": "fivetran_opportunity"
                        }
                    ]
                }
            ]
        },
        {
            "data_source": "mongodb",
            "databases": [
                {
                    "databasename": "mosaic-report-db",
                    "secret_name": "dl_cdl_mosaic_report_mongodb",
                    "table_details": [
                        {
                            "source_table_name": "fonts",
                            "select_column": "*",
                            "timestamp_columns": [
                                "createdOn"
                            ],
                            "integer_columns": [],
                            "boolean_columns": [],
                            "source_schema_enforce_location": "s3://dl-cdl-dev-bronze/config/schema/json_schema_fonts.json",
                            "is_archive": "N",
                            "source_archive_bucket": "dl-cdl-dev-bronze",
                            "target_archive_bucket": "dl-cdl-dev-bronze",
                            "archive_location": "dl_bronze_dev/data_archive/mongodb/mosaic-report-db/fonts/",
                            "archival_duration": "10",
                            "load_type": "F",
                            "cdc_column": "createdOn",
                            "target_type": "Glue Catalog",
                            "target_raw_write_mode": "overwrite",
                            "target_write_mode": "overwrite",
                            "target_partition_col": "",
                            "target_repartition_no": "1",
                            "target_raw_location": "s3://dl-cdl-dev-bronze/data_archive/mongodb/mosaic-report-db/fonts/",
                            "target_location": "s3://dl-cdl-dev-bronze/dl_bronze_dev/mongodb/mosaic-report-db/fonts/",
                            "target_database_name": "dl_bronze_dev",
                            "target_raw_table_name": "fonts_raw",
                            "target_table_name": "fonts"
                        }
                    ]
                },
                {
                    "databasename": "MosaicCatalog",
                    "secret_name": "dl_cdl_mosaic_catalog_mongodb",
                    "table_details": [
                        {
                            "source_table_name": "Variations",
                            "select_column": "*",
                            "timestamp_columns": [
                                "createdAt",
                                "expiryDate",
                                "updatedAt"
                            ],
                            "integer_columns": [
                                "embedding",
                                "foundryId",
                                "glyphCount",
                                "licenseCount",
                                "materialNumber",
                                "productionFontCount",
                                "webFontSize"
                            ],
                            "boolean_columns": [
                                "embeddedBitmaps",
                                "isCustom",
                                "isDeleted",
                                "isUpdatedByPim",
                                "symbolEncoded"
                            ],
                            "source_schema_enforce_location": "s3://dl-cdl-dev-bronze/config/schema/json_schema_Variations.json",
                            "is_archive": "N",
                            "source_archive_bucket": "dl-cdl-dev-bronze",
                            "target_archive_bucket": "dl-cdl-dev-bronze",
                            "archive_location": "dl_bronze_dev/data_archive/mongodb/mosaiccatalog/variations/",
                            "archival_duration": "10",
                            "load_type": "F",
                            "cdc_column": "createdAt,updatedAt",
                            "target_type": "Glue Catalog",
                            "target_raw_write_mode": "overwrite",
                            "target_write_mode": "overwrite",
                            "target_partition_col": "",
                            "target_repartition_no": "1",
                            "target_raw_location": "s3://dl-cdl-dev-bronze/data_archive/mongodb/mosaiccatalog/variations/",
                            "target_location": "s3://dl-cdl-dev-bronze/dl_bronze_dev/mongodb/mosaiccatalog/variations/",
                            "target_database_name": "dl_bronze_dev",
                            "target_raw_table_name": "variations_raw",
                            "target_table_name": "variations"
                        }
                    ]
                }
            ]
        }
    ]
}