{
  "fields": [
    {"metadata":{},"name":"__v","nullable":true,"type":"integer"},
    {"metadata":{},"name":"_id","nullable":true,"type":{"fields":[{"metadata":{},"name":"oid","nullable":true,"type":"string"}],"type":"struct"}},
    {"metadata":{},"name":"actionName","nullable":true,"type":"string"},
    {"metadata":{},"name":"createdOn","nullable":true,"type":"string"},
    {"metadata":{},"name":"customerId","nullable":true,"type":"string"},
    {"metadata":{},"name":"familyId","nullable":true,"type":"string"},
    {"metadata":{},"name":"familyName","nullable":true,"type":"string"},
    {"metadata":{},"name":"name","nullable":true,"type":"string"},
    {"metadata":{},"name":"reference_id","nullable":true,"type":{"fields":[{"metadata":{},"name":"oid","nullable":true,"type":"string"}],"type":"struct"}},
    {"metadata":{},"name":"resourceId","nullable":true,"type":"string"},
    {"metadata":{},"name":"source","nullable":true,"type":"string"},
    {"metadata":{},"name":"subtype","nullable":true,"type":"string"},
    {"metadata":{},"name":"type","nullable":true,"type":"string"},
    {"metadata":{},"name":"userId","nullable":true,"type":"string"},
    {"metadata":{},"name":"variationId","nullable":true,"type":"string"}
  ],
  "type": "struct"
}