{
  "fields": [
    {"metadata":{},"name":"_id","nullable":true,"type":{"fields":[{"metadata":{},"name":"oid","nullable":true,"type":"string"}],"type":"struct"}},
    {"metadata":{},"name":"baseFormatId","nullable":true,"type":"string"},
    {"metadata":{},"name":"baseFormatName","nullable":true,"type":"string"},
    {"metadata":{},"name":"brandingId","nullable":true,"type":"string"},
    {"metadata":{},"name":"brandingName","nullable":true,"type":"string"},
    {"metadata":{},"name":"createdAt","nullable":true,"type":"string"},
    {"metadata":{},"name":"createdBy","nullable":true,"type":{"fields":[{"metadata":{},"name":"_id","nullable":true,"type":{"fields":[{"metadata":{},"name":"oid","nullable":true,"type":"string"}],"type":"struct"}},{"metadata":{},"name":"globalCustomerId","nullable":true,"type":"string"},{"metadata":{},"name":"globalUserId","nullable":true,"type":"string"}],"type":"struct"}},
    {"metadata":{},"name":"customerId","nullable":true,"type":"string"},
    {"metadata":{},"name":"detailedLanguages","nullable":true,"type":{"containsNull":true,"elementType":"string","type":"array"}},
    {"metadata":{},"name":"embeddedBitmaps","nullable":true,"type":"string"},
    {"metadata":{},"name":"embedding","nullable":true,"type":"string"},
    {"metadata":{},"name":"expiryDate","nullable":true,"type":"string"},
    {"metadata":{},"name":"familyId","nullable":true,"type":"string"},
    {"metadata":{},"name":"familyUrl","nullable":true,"type":"string"},
    {"metadata":{},"name":"fileName","nullable":true,"type":"string"},
    {"metadata":{},"name":"flavorId","nullable":true,"type":"string"},
    {"metadata":{},"name":"flavorName","nullable":true,"type":"string"},
    {"metadata":{},"name":"fontStyle","nullable":true,"type":"string"},
    {"metadata":{},"name":"foundryId","nullable":true,"type":"string"},
    {"metadata":{},"name":"globalCustomerId","nullable":true,"type":"string"},
    {"metadata":{},"name":"glyphCount","nullable":true,"type":"string"},
    {"metadata":{},"name":"hinting","nullable":true,"type":"string"},
    {"metadata":{},"name":"id","nullable":true,"type":"string"},
    {"metadata":{},"name":"inventories","nullable":true,"type":{"containsNull":true,"elementType":"string","type":"array"}},
    {"metadata":{},"name":"isCjk","nullable":true,"type":"string"},
    {"metadata":{},"name":"isCustom","nullable":true,"type":"string"},
    {"metadata":{},"name":"isDeleted","nullable":true,"type":"string"},
    {"metadata":{},"name":"isUpdatedByPim","nullable":true,"type":"string"},
    {"metadata":{},"name":"languages","nullable":true,"type":{"containsNull":true,"elementType":{"fields":[{"metadata":{},"name":"_id","nullable":true,"type":{"fields":[{"metadata":{},"name":"oid","nullable":true,"type":"string"}],"type":"struct"}},{"metadata":{},"name":"languageName","nullable":true,"type":"string"},{"metadata":{},"name":"percent","nullable":true,"type":"double"},{"metadata":{},"name":"present","nullable":true,"type":"integer"},{"metadata":{},"name":"rank","nullable":true,"type":"integer"},{"metadata":{},"name":"total","nullable":true,"type":"integer"}],"type":"struct"},"type":"array"}},
    {"metadata":{},"name":"licenseCount","nullable":true,"type":"string"},
    {"metadata":{},"name":"materialNumber","nullable":true,"type":"string"},
    {"metadata":{},"name":"md5","nullable":true,"type":"string"},
    {"metadata":{},"name":"name","nullable":true,"type":"string"},
    {"metadata":{},"name":"pimFamilyId","nullable":true,"type":"string"},
    {"metadata":{},"name":"pimId","nullable":true,"type":"string"},
    {"metadata":{},"name":"pimProductId","nullable":true,"type":"string"},
    {"metadata":{},"name":"platformId","nullable":true,"type":"string"},
    {"metadata":{},"name":"platformName","nullable":true,"type":"string"},
    {"metadata":{},"name":"productId","nullable":true,"type":"string"},
    {"metadata":{},"name":"productUrl","nullable":true,"type":"string"},
    {"metadata":{},"name":"productionFontCount","nullable":true,"type":"string"},
    {"metadata":{},"name":"psNameArray","nullable":true,"type":{"containsNull":true,"elementType":"string","type":"array"}},
    {"metadata":{},"name":"psNames","nullable":true,"type":"string"},
    {"metadata":{},"name":"sampleText","nullable":true,"type":"string"},
    {"metadata":{},"name":"skyFontsGuid","nullable":true,"type":"string"},
    {"metadata":{},"name":"sortKey","nullable":true,"type":"string"},
    {"metadata":{},"name":"symbolEncoded","nullable":true,"type":"string"},
    {"metadata":{},"name":"updatedAt","nullable":true,"type":"string"},
    {"metadata":{},"name":"updatedBy","nullable":true,"type":"string"},
    {"metadata":{},"name":"variationType","nullable":true,"type":"string"},
    {"metadata":{},"name":"version","nullable":true,"type":"string"},
    {"metadata":{},"name":"webFontContentId","nullable":true,"type":"string"},
    {"metadata":{},"name":"webFontSize","nullable":true,"type":"string"},
    {"metadata":{},"name":"webFormat","nullable":true,"type":"string"},
    {"metadata":{},"name":"webFormatName","nullable":true,"type":"string"}
  ],
  "type":"struct"
}