{
    "pf_customer_management_customers": {
        "source_database_name": "dl_bronze_dev",
        "source_table_name": "pf_customer_management_customers",
        "target_database_name": "dl_silver_dev",
        "target_table_name": "pf_customer_management_customers",
        "is_json_parser_required": "Y",
        "json_fields": [
            {
                "json_column": "metaData",
                "json_schema": {
                    "sapId": "String",
                    "isExpired": "Boolean",
                    "onboarding": "json",
                    "salesforceId": "String",
                    "hasCustomLogo": "Boolean",
                    "primaryContactId": "String",
                    "isDivisionEnabled": "Boolean",
                    "previousMosaicDTStatus": "Boolean",
                    "divisionVerbiage": "String",
                    "lastAcceptedEULAId": "String",
                    "isFEXAllowed": "Boolean",
                    "previousFexStatus": "Boolean",
                    "allowSkyfontInstall": "Boolean",
                    "previousSkyFontStatus": "Boolean",
                    "isSkyFontAdvanceInstall": "Boolean",
                    "isAgency": "Boolean",
                    "allowDomainMapping": "Boolean"
                }
            }
        ],
        "is_deduplicate": "Y",
        "combination_keys": "id",
        "is_handle_isdeleted": "N",
        "isdeleted_column": "",
        "DQ_rules": ""
    }
}