{
    "pf_customer_management_customers": {
        "source_database_name": "dl_bronze_dev",
        "source_table_name": "pf_customer_management_customers",
        "target_database_name": "dl_silver_dev",
        "target_table_name": "pf_customer_management_customers",
        "is_json_parser_required": "Y",
        "json_fields": [
            {
                "json_column": "metaData",
                "json_schema": {
                    "sapId": "String",
                    "isExpired": "Boolean",
                    "onboarding": "json",
                    "salesforceId": "String",
                    "hasCustomLogo": "Boolean",
                    "primaryContactId": "String",
                    "isDivisionEnabled": "Boolean",
                    "previousMosaicDTStatus": "Boolean",
                    "divisionVerbiage": "String",
                    "lastAcceptedEULAId": "String",
                    "isFEXAllowed": "Boolean",
                    "previousFexStatus": "Boolean",
                    "allowSkyfontInstall": "Boolean",
                    "previousSkyFontStatus": "Boolean",
                    "isSkyFontAdvanceInstall": "Boolean",
                    "isAgency": "Boolean",
                    "allowDomainMapping": "Boolean"
                }
            }
        ],
        "is_deduplicate": "Y",
        "combination_keys": "id",
        "is_handle_isdeleted": "N",
        "isdeleted_column": "",
        "DQ_rules": ""
    },
    "pf_customer_management_customer_subscription": {
        "source_database_name": "dl_bronze_dev",
        "source_table_name": "pf_customer_management_customer_subscription",
        "target_database_name": "dl_silver_dev",
        "target_table_name": "pf_customer_management_customer_subscription",
        "is_json_parser_required": "Y",
        "json_fields": [
            {
                "json_column": "plan_definition",
                "json_schema": {
                    "allowDownload": "Boolean",
                    "pageViewLimit": "Long",
                    "hasWebFontAccess": "Boolean",
                    "adsImpressionLimit": "Long",
                    "hasDigitalAdsAccess": "Boolean",
                    "allowMosaicDTInstall": "Boolean",
                    "isPrivateFontAllowed": "Boolean",
                    "allowFontFormatSelectionInFontList": "Boolean",
                    "allowProductionFont": "Boolean"
                }
            }
        ],
        "is_deduplicate": "Y",
        "combination_keys": "customer_id",
        "is_handle_isdeleted": "Y",
        "isdeleted_column": "is_deleted",
        "DQ_rules": ""
    },
    "pf_customer_management_externalcustomer_map": {
        "source_database_name": "dl_bronze_dev",
        "source_table_name": "pf_customer_management_externalcustomer_map",
        "target_database_name": "dl_silver_dev",
        "target_table_name": "pf_customer_management_externalcustomer_map",
        "is_json_parser_required": "N",
        "json_fields": "",
        "is_deduplicate": "Y",
        "combination_keys": "customer_id",
        "is_handle_isdeleted": "N",
        "isdeleted_column": "",
        "DQ_rules": ""
    },
    "pf_customer_management_customerhierarchy_map": {
        "source_database_name": "dl_bronze_dev",
        "source_table_name": "pf_customer_management_customerhierarchy_map",
        "target_database_name": "dl_silver_dev",
        "target_table_name": "pf_customer_management_customerhierarchy_map",
        "is_json_parser_required": "N",
        "json_fields": "",
        "is_deduplicate": "Y",
        "combination_keys": "customer_id",
        "is_handle_isdeleted": "N",
        "isdeleted_column": "",
        "DQ_rules": ""
    },
    "pf_customer_management_deleted_customers": {
        "source_database_name": "dl_bronze_dev",
        "source_table_name": "pf_customer_management_deleted_customers",
        "target_database_name": "dl_silver_dev",
        "target_table_name": "pf_customer_management_deleted_customers",
        "is_json_parser_required": "Y",
        "json_fields": [
            {
                "json_column": "metaData",
                "json_schema": {
                    "sapId": "String",
                    "isExpired": "Boolean",
                    "onboarding": "json",
                    "salesforceId": "String",
                    "hasCustomLogo": "Boolean",
                    "primaryContactId": "String",
                    "isDivisionEnabled": "Boolean",
                    "previousMosaicDTStatus": "Boolean",
                    "divisionVerbiage": "String",
                    "lastAcceptedEULAId": "String",
                    "isFEXAllowed": "Boolean",
                    "previousFexStatus": "Boolean",
                    "allowSkyfontInstall": "Boolean",
                    "previousSkyFontStatus": "Boolean",
                    "isSkyFontAdvanceInstall": "Boolean",
                    "isAgency": "Boolean",
                    "allowDomainMapping": "Boolean"
                }
            }
        ],
        "is_deduplicate": "Y",
        "combination_keys": "id",
        "is_handle_isdeleted": "N",
        "isdeleted_column": "",
        "DQ_rules": ""
    },
    "pf_user_management_externaluser_map": {
        "source_database_name": "dl_bronze_dev",
        "source_table_name": "pf_user_management_externaluser_map",
        "target_database_name": "dl_silver_dev",
        "target_table_name": "pf_user_management_externaluser_map",
        "is_json_parser_required": "Y",
        "json_fields": [
            {
                "json_column": "meta",
                "json_schema": {
                    "salesforceContactId": "String",
                    "avatarType": "Integer"
                }
            }
        ],
        "is_deduplicate": "Y",
        "combination_keys": "user_id",
        "is_handle_isdeleted": "N",
        "isdeleted_column": "",
        "DQ_rules": ""
    },
    "pf_user_management_profiles": {
        "source_database_name": "dl_bronze_dev",
        "source_table_name": "pf_user_management_profiles",
        "target_database_name": "dl_silver_dev",
        "target_table_name": "pf_user_management_profiles",
        "is_json_parser_required": "N",
        "json_fields": "",
        "is_deduplicate": "Y",
        "combination_keys": "id",
        "is_handle_isdeleted": "N",
        "isdeleted_column": "",
        "DQ_rules": ""
    },
    "pf_user_management_activities": {
        "source_database_name": "dl_bronze_dev",
        "source_table_name": "pf_user_management_activities",
        "target_database_name": "dl_silver_dev",
        "target_table_name": "pf_user_management_activities",
        "is_json_parser_required": "Y",
        "json_fields": [
            {
                "json_column": "activities",
                "json_schema": {
                    "lastActivity__desktopapp": "timestamp",
                    "lastLogin__desktopapp": "timestamp",
                    "lastLogin__web": "timestamp",
                    "undefined__undefined": "timestamp"
                }
            }
        ],
        "is_deduplicate": "Y",
        "combination_keys": "profile_id",
        "is_handle_isdeleted": "N",
        "isdeleted_column": "",
        "DQ_rules": ""
    },
    "pf_user_management_roles": {
        "source_database_name": "dl_bronze_dev",
        "source_table_name": "pf_user_management_roles",
        "target_database_name": "dl_silver_dev",
        "target_table_name": "pf_user_management_roles",
        "is_json_parser_required": "N",
        "json_fields": "",
        "is_deduplicate": "Y",
        "combination_keys": "id",
        "is_handle_isdeleted": "N",
        "isdeleted_column": "",
        "DQ_rules": ""
    },
    "pf_user_management_permissions": {
        "source_database_name": "dl_bronze_dev",
        "source_table_name": "pf_user_management_permissions",
        "target_database_name": "dl_silver_dev",
        "target_table_name": "pf_user_management_permissions",
        "is_json_parser_required": "N",
        "json_fields": "",
        "is_deduplicate": "N",
        "combination_keys": "",
        "is_handle_isdeleted": "N",
        "isdeleted_column": "",
        "DQ_rules": ""
    },
    "pf_user_management_role_permissions_mapping": {
        "source_database_name": "dl_bronze_dev",
        "source_table_name": "pf_user_management_role_permissions_mapping",
        "target_database_name": "dl_silver_dev",
        "target_table_name": "pf_user_management_role_permissions_mapping",
        "is_json_parser_required": "N",
        "json_fields": "",
        "is_deduplicate": "N",
        "combination_keys": "",
        "is_handle_isdeleted": "N",
        "isdeleted_column": "",
        "DQ_rules": ""
    },
    "pf_user_management_teams": {
        "source_database_name": "dl_bronze_dev",
        "source_table_name": "pf_user_management_teams",
        "target_database_name": "dl_silver_dev",
        "target_table_name": "pf_user_management_teams",
        "is_json_parser_required": "N",
        "json_fields": "",
        "is_deduplicate": "Y",
        "combination_keys": "id",
        "is_handle_isdeleted": "N",
        "isdeleted_column": "",
        "DQ_rules": ""
    },
    "pf_asset_management_assets": {
        "source_database_name": "dl_bronze_dev",
        "source_table_name": "pf_asset_management_assets",
        "target_database_name": "dl_silver_dev",
        "target_table_name": "pf_asset_management_assets",
        "is_json_parser_required": "Y",
        "json_fields": [
            {
                "json_column": "metaData",
                "json_schema": {
                    "fontFormatSelection": "json",
                    "domains": "String",
                    "contactId": "Long",
                    "isProduction": "Boolean",
                    "markedAutomatically": "Boolean",
                    "v2": "Boolean",
                    "subsetInfo": "Array(json)"
                }
            }
        ],
        "is_deduplicate": "N",
        "combination_keys": "",
        "is_handle_isdeleted": "N",
        "isdeleted_column": "",
        "DQ_rules": ""
    },
    "pf_asset_management_projects": {
        "source_database_name": "dl_bronze_dev",
        "source_table_name": "pf_asset_management_projects",
        "target_database_name": "dl_silver_dev",
        "target_table_name": "pf_asset_management_projects",
        "is_json_parser_required": "N",
        "json_fields": "",
        "is_deduplicate": "Y",
        "combination_keys": "id",
        "is_handle_isdeleted": "N",
        "isdeleted_column": "",
        "DQ_rules": ""
    },
    "pf_asset_management_project_assets": {
        "source_database_name": "dl_bronze_dev",
        "source_table_name": "pf_asset_management_project_assets",
        "target_database_name": "dl_silver_dev",
        "target_table_name": "pf_asset_management_project_assets",
        "is_json_parser_required": "N",
        "json_fields": "",
        "is_deduplicate": "N",
        "combination_keys": "",
        "is_handle_isdeleted": "N",
        "isdeleted_column": "",
        "DQ_rules": ""
    },
    "pf_asset_management_projects_archival": {
        "source_database_name": "dl_bronze_dev",
        "source_table_name": "pf_asset_management_projects_archival",
        "target_database_name": "dl_silver_dev",
        "target_table_name": "pf_asset_management_projects_archival",
        "is_json_parser_required": "N",
        "json_fields": "",
        "is_deduplicate": "Y",
        "combination_keys": "id",
        "is_handle_isdeleted": "N",
        "isdeleted_column": "",
        "DQ_rules": ""
    }
}