{
    "platform_mysql": {
        "pf_customer_management_customers": {
            "source_database_name": "dl_bronze_dev",
            "source_table_name": "pf_customer_management_customers",
            "is_json_parser_required": "Y",
            "json_fields": [
                {
                    "json_column": "metaData",
                    "json_schema": {
                        "sapId": "String",
                        "isExpired": "Boolean",
                        "onboarding": "json",
                        "salesforceId": "String",
                        "hasCustomLogo": "Boolean",
                        "primaryContactId": "String",
                        "isDivisionEnabled": "Boolean",
                        "previousMosaicDTStatus": "Boolean",
                        "divisionVerbiage": "String",
                        "lastAcceptedEULAId": "String",
                        "isFEXAllowed": "Boolean",
                        "previousFexStatus": "Boolean",
                        "allowSkyfontInstall": "Boolean",
                        "previousSkyFontStatus": "Boolean",
                        "isSkyFontAdvanceInstall": "Boolean",
                        "isAgency": "Boolean",
                        "allowDomainMapping": "Boolean"
                    }
                }
            ],
            "is_deduplicate": "Y",
            "combination_keys": "id",
            "is_handle_isdeleted": "N",
            "is_deleted_column": "",
            "is_scd_required": "Y",
            "scd_columns": "modified_on,created_on",
            "target_type": "s3",
            "target_write_mode": "overwrite",
            "target_location": "s3://dl-cdl-dev-silver/dl_silver_dev/platform_mysql/pf_customer_management_customers/",
            "target_database_name": "dl_silver_dev",
            "target_table_name": "pf_customer_management_customers",
            "target_history_database_name": "dl_silver_dev",
            "target_history_table_name": "pf_customer_management_customers_hist",
            "target_history_location": "s3://dl-cdl-dev-silver/dl_silver_dev/platform_mysql/pf_customer_management_customers_hist/",
            "join_details": {
                "jointable1": {
                    "db_name": "dl_bronze_dev",
                    "table_name": "cust",
                    "join_condition": "a.id=b.id",
                    "take_column": "customer_id"
                }
            },
            "DQ_rules": {
                "quality_check_1": {
                    "quality_check_condition": "name not like '%test%' and name not like '%monotype%'",
                    "send_notification": "Y",
                    "restrict_data": "Y"
                }
            }
        },
        "pf_customer_management_customer_subscription": {
            "source_database_name": "dl_bronze_dev",
            "source_table_name": "pf_customer_management_customer_subscription",
            "is_json_parser_required": "Y",
            "json_fields": [
                {
                    "json_column": "plan_definition",
                    "json_schema": {
                        "allowDownload": "Boolean",
                        "pageViewLimit": "Long",
                        "hasWebFontAccess": "Boolean",
                        "adsImpressionLimit": "Long",
                        "hasDigitalAdsAccess": "Boolean",
                        "allowMosaicDTInstall": "Boolean",
                        "isPrivateFontAllowed": "Boolean",
                        "allowFontFormatSelectionInFontList": "Boolean",
                        "allowProductionFont": "Boolean"
                    }
                }
            ],
            "is_deduplicate": "N",
            "combination_keys": "customer_id",
            "is_handle_isdeleted": "Y",
            "is_deleted_column": "is_deleted",
            "is_scd_required": "N",
            "scd_columns": "",
            "target_type": "s3",
            "target_write_mode": "overwrite",
            "target_location": "s3://dl-cdl-dev-silver/dl_silver_dev/platform_mysql/pf_customer_management_customer_subscription/",
            "target_database_name": "dl_silver_dev",
            "target_table_name": "pf_customer_management_customer_subscription",
            "target_history_database_name": "",
            "target_history_table_name": "",
            "target_history_location": "",
            "DQ_rules": ""
        },
        "pf_customer_management_externalcustomer_map": {
            "source_database_name": "dl_bronze_dev",
            "source_table_name": "pf_customer_management_externalcustomer_map",
            "is_json_parser_required": "N",
            "json_fields": "",
            "is_deduplicate": "Y",
            "combination_keys": "customer_id",
            "is_handle_isdeleted": "N",
            "is_deleted_column": "",
            "is_scd_required": "N",
            "scd_columns": "",
            "target_type": "s3",
            "target_write_mode": "overwrite",
            "target_location": "s3://dl-cdl-dev-silver/dl_silver_dev/platform_mysql/pf_customer_management_externalcustomer_map/",
            "target_database_name": "dl_silver_dev",
            "target_table_name": "pf_customer_management_externalcustomer_map",
            "target_history_database_name": "",
            "target_history_table_name": "",
            "target_history_location": "",
            "DQ_rules": ""
        },
        "pf_customer_management_customerhierarchy_map": {
            "source_database_name": "dl_bronze_dev",
            "source_table_name": "pf_customer_management_customerhierarchy_map",
            "is_json_parser_required": "N",
            "json_fields": "",
            "is_deduplicate": "Y",
            "combination_keys": "customer_id",
            "is_handle_isdeleted": "N",
            "is_deleted_column": "",
            "is_scd_required": "N",
            "scd_columns": "",
            "target_type": "s3",
            "target_write_mode": "overwrite",
            "target_location": "s3://dl-cdl-dev-silver/dl_silver_dev/platform_mysql/pf_customer_management_customerhierarchy_map/",
            "target_database_name": "dl_silver_dev",
            "target_table_name": "pf_customer_management_customerhierarchy_map",
            "target_history_database_name": "",
            "target_history_table_name": "",
            "target_history_location": "",
            "DQ_rules": ""
        },
        "pf_user_management_externaluser_map": {
            "source_database_name": "dl_bronze_dev",
            "source_table_name": "pf_user_management_externaluser_map",
            "is_json_parser_required": "Y",
            "json_fields": [
                {
                    "json_column": "meta",
                    "json_schema": {
                        "salesforceContactId": "String",
                        "avatarType": "Integer"
                    }
                }
            ],
            "is_deduplicate": "Y",
            "combination_keys": "user_id",
            "is_handle_isdeleted": "N",
            "is_deleted_column": "",
            "is_scd_required": "N",
            "scd_columns": "",
            "target_type": "s3",
            "target_write_mode": "overwrite",
            "target_location": "s3://dl-cdl-dev-silver/dl_silver_dev/platform_mysql/pf_user_management_externaluser_map/",
            "target_database_name": "dl_silver_dev",
            "target_table_name": "pf_user_management_externaluser_map",
            "target_history_database_name": "",
            "target_history_table_name": "",
            "target_history_location": "",
            "DQ_rules": ""
        },
        "pf_user_management_profiles": {
            "source_database_name": "dl_bronze_dev",
            "source_table_name": "pf_user_management_profiles",
            "is_json_parser_required": "N",
            "json_fields": "",
            "is_deduplicate": "Y",
            "combination_keys": "id",
            "is_handle_isdeleted": "N",
            "is_deleted_column": "",
            "is_scd_required": "Y",
            "scd_columns": "modified_on,created_on",
            "target_type": "s3",
            "target_write_mode": "overwrite",
            "target_location": "s3://dl-cdl-dev-silver/dl_silver_dev/platform_mysql/pf_user_management_profiles/",
            "target_database_name": "dl_silver_dev",
            "target_table_name": "pf_user_management_profiles",
            "target_history_database_name": "dl_silver_dev",
            "target_history_table_name": "pf_user_management_profiles_hist",
            "target_history_location": "s3://dl-cdl-dev-silver/dl_silver_dev/platform_mysql/pf_user_management_profiles_hist/",
            "DQ_rules": ""
        },
        "pf_user_management_roles": {
            "source_database_name": "dl_bronze_dev",
            "source_table_name": "pf_user_management_roles",
            "is_json_parser_required": "N",
            "json_fields": "",
            "is_deduplicate": "Y",
            "combination_keys": "id",
            "is_handle_isdeleted": "N",
            "is_deleted_column": "",
            "is_scd_required": "N",
            "scd_columns": "",
            "target_type": "s3",
            "target_write_mode": "overwrite",
            "target_location": "s3://dl-cdl-dev-silver/dl_silver_dev/platform_mysql/pf_user_management_roles/",
            "target_database_name": "dl_silver_dev",
            "target_table_name": "pf_user_management_roles",
            "target_history_database_name": "",
            "target_history_table_name": "",
            "target_history_location": "",
            "DQ_rules": ""
        },
        "pf_user_management_permissions": {
            "source_database_name": "dl_bronze_dev",
            "source_table_name": "pf_user_management_permissions",
            "is_json_parser_required": "N",
            "json_fields": "",
            "is_deduplicate": "N",
            "combination_keys": "",
            "is_handle_isdeleted": "N",
            "is_deleted_column": "",
            "is_scd_required": "N",
            "scd_columns": "",
            "target_type": "s3",
            "target_write_mode": "overwrite",
            "target_location": "s3://dl-cdl-dev-silver/dl_silver_dev/platform_mysql/pf_user_management_permissions/",
            "target_database_name": "dl_silver_dev",
            "target_table_name": "pf_user_management_permissions",
            "target_history_database_name": "",
            "target_history_table_name": "",
            "target_history_location": "",
            "DQ_rules": ""
        },
        "pf_user_management_role_permissions_mapping": {
            "source_database_name": "dl_bronze_dev",
            "source_table_name": "pf_user_management_role_permissions_mapping",
            "is_json_parser_required": "N",
            "json_fields": "",
            "is_deduplicate": "N",
            "combination_keys": "",
            "is_handle_isdeleted": "N",
            "is_deleted_column": "",
            "is_scd_required": "N",
            "scd_columns": "",
            "target_type": "s3",
            "target_write_mode": "overwrite",
            "target_location": "s3://dl-cdl-dev-silver/dl_silver_dev/platform_mysql/pf_user_management_role_permissions_mapping/",
            "target_database_name": "dl_silver_dev",
            "target_table_name": "pf_user_management_role_permissions_mapping",
            "target_history_database_name": "",
            "target_history_table_name": "",
            "target_history_location": "",
            "DQ_rules": ""
        },
        "pf_user_management_teams": {
            "source_database_name": "dl_bronze_dev",
            "source_table_name": "pf_user_management_teams",
            "is_json_parser_required": "N",
            "json_fields": "",
            "is_deduplicate": "Y",
            "combination_keys": "id",
            "is_handle_isdeleted": "N",
            "is_deleted_column": "",
            "is_scd_required": "N",
            "scd_columns": "",
            "target_type": "s3",
            "target_write_mode": "overwrite",
            "target_location": "s3://dl-cdl-dev-silver/dl_silver_dev/platform_mysql/pf_user_management_teams/",
            "target_database_name": "dl_silver_dev",
            "target_table_name": "pf_user_management_teams",
            "target_history_database_name": "",
            "target_history_table_name": "",
            "target_history_location": "",
            "DQ_rules": ""
        },
        "pf_asset_management_assets": {
            "source_database_name": "dl_bronze_dev",
            "source_table_name": "pf_asset_management_assets",
            "is_json_parser_required": "Y",
            "json_fields": [
                {
                    "json_column": "meta_data",
                    "json_schema": {
                        "fontFormatSelection": "json",
                        "domains": "String",
                        "contactId": "Long",
                        "isProduction": "Boolean",
                        "markedAutomatically": "Boolean",
                        "v2": "Boolean",
                        "subsetInfo": "Array(json)"
                    }
                }
            ],
            "is_deduplicate": "N",
            "combination_keys": "id",
            "is_handle_isdeleted": "N",
            "is_deleted_column": "",
            "is_scd_required": "N",
            "scd_columns": "",
            "target_type": "s3",
            "target_write_mode": "overwrite",
            "target_location": "s3://dl-cdl-dev-silver/dl_silver_dev/platform_mysql/pf_asset_management_assets/",
            "target_database_name": "dl_silver_dev",
            "target_table_name": "pf_asset_management_assets",
            "target_history_database_name": "",
            "target_history_table_name": "",
            "target_history_location": "",
            "DQ_rules": ""
        },
        "pf_asset_management_projects": {
            "source_database_name": "dl_bronze_dev",
            "source_table_name": "pf_asset_management_projects",
            "is_json_parser_required": "N",
            "json_fields": "",
            "is_deduplicate": "Y",
            "combination_keys": "id",
            "is_handle_isdeleted": "N",
            "is_deleted_column": "",
            "is_scd_required": "N",
            "scd_columns": "",
            "target_type": "s3",
            "target_write_mode": "overwrite",
            "target_location": "s3://dl-cdl-dev-silver/dl_silver_dev/platform_mysql/pf_asset_management_projects/",
            "target_database_name": "dl_silver_dev",
            "target_table_name": "pf_asset_management_projects",
            "target_history_database_name": "",
            "target_history_table_name": "",
            "target_history_location": "",
            "DQ_rules": ""
        },
        "pf_asset_management_project_assets": {
            "source_database_name": "dl_bronze_dev",
            "source_table_name": "pf_asset_management_project_assets",
            "is_json_parser_required": "N",
            "json_fields": "",
            "is_deduplicate": "N",
            "combination_keys": "",
            "is_handle_isdeleted": "N",
            "is_deleted_column": "",
            "is_scd_required": "N",
            "scd_columns": "",
            "target_type": "s3",
            "target_write_mode": "overwrite",
            "target_location": "s3://dl-cdl-dev-silver/dl_silver_dev/platform_mysql/pf_asset_management_project_assets/",
            "target_database_name": "dl_silver_dev",
            "target_table_name": "pf_asset_management_project_assets",
            "target_history_database_name": "",
            "target_history_table_name": "",
            "target_history_location": "",
            "DQ_rules": ""
        }
    },
    "heap_redshift": {
        "heap_all_events": {
            "source_database_name": "dl_bronze_dev",
            "source_table_name": "heap_all_events",
            "is_json_parser_required": "N",
            "json_fields": "",
            "is_deduplicate": "N",
            "combination_keys": "id",
            "is_handle_isdeleted": "N",
            "is_deleted_column": "",
            "is_scd_required": "N",
            "scd_columns": "",
            "target_type": "s3",
            "target_write_mode": "overwrite",
            "target_location": "s3://dl-cdl-dev-silver/dl_silver_dev/heap_redshift/heap_all_events/",
            "target_database_name": "dl_silver_dev",
            "target_table_name": "heap_all_events",
            "target_history_database_name": "",
            "target_history_table_name": "",
            "target_history_location": "",
            "DQ_rules": ""
        },
        "heap_users": {
            "source_database_name": "dl_bronze_dev",
            "source_table_name": "heap_users",
            "is_json_parser_required": "N",
            "json_fields": "",
            "is_deduplicate": "N",
            "combination_keys": "id",
            "is_handle_isdeleted": "N",
            "is_deleted_column": "",
            "is_scd_required": "N",
            "scd_columns": "",
            "target_type": "s3",
            "target_write_mode": "overwrite",
            "target_location": "s3://dl-cdl-dev-silver/dl_silver_dev/heap_redshift/heap_users/",
            "target_database_name": "dl_silver_dev",
            "target_table_name": "heap_users",
            "target_history_database_name": "",
            "target_history_table_name": "",
            "target_history_location": "",
            "DQ_rules": ""
        },
        "heap_sessions": {
            "source_database_name": "dl_bronze_dev",
            "source_table_name": "heap_sessions",
            "is_json_parser_required": "N",
            "json_fields": "",
            "is_deduplicate": "N",
            "combination_keys": "id",
            "is_handle_isdeleted": "N",
            "is_deleted_column": "",
            "is_scd_required": "N",
            "scd_columns": "modified_on,created_on",
            "target_type": "s3",
            "target_write_mode": "overwrite",
            "target_location": "s3://dl-cdl-dev-silver/dl_silver_dev/heap_redshift/heap_sessions/",
            "target_database_name": "dl_silver_dev",
            "target_table_name": "heap_sessions",
            "target_history_database_name": "",
            "target_history_table_name": "",
            "target_history_location": "",
            "DQ_rules": ""
        },
        "heap_web_kit_downloaded_successfully": {
            "source_database_name": "dl_bronze_dev",
            "source_table_name": "heap_web_kit_downloaded_successfully",
            "is_json_parser_required": "N",
            "json_fields": "",
            "is_deduplicate": "N",
            "combination_keys": "id",
            "is_handle_isdeleted": "N",
            "is_deleted_column": "",
            "is_scd_required": "N",
            "scd_columns": "modified_on,created_on",
            "target_type": "s3",
            "target_write_mode": "overwrite",
            "target_location": "s3://dl-cdl-dev-silver/dl_silver_dev/heap_redshift/heap_web_kit_downloaded_successfully/",
            "target_database_name": "dl_silver_dev",
            "target_table_name": "heap_web_kit_downloaded_successfully",
            "target_history_database_name": "",
            "target_history_table_name": "",
            "target_history_location": "",
            "DQ_rules": ""
        }
    },
    "sf_snowflake": {
        "sf_account": {
            "source_database_name": "dl_bronze_dev",
            "source_table_name": "sf_account",
            "is_json_parser_required": "N",
            "json_fields": "",
            "is_deduplicate": "N",
            "combination_keys": "id",
            "is_handle_isdeleted": "N",
            "is_deleted_column": "",
            "is_scd_required": "N",
            "scd_columns": "modified_on,created_on",
            "target_type": "s3",
            "target_write_mode": "overwrite",
            "target_location": "s3://dl-cdl-dev-silver/dl_silver_dev/sf_snowflake/sf_account/",
            "target_database_name": "dl_silver_dev",
            "target_table_name": "sf_account",
            "target_history_database_name": "",
            "target_history_table_name": "",
            "target_history_location": "",
            "DQ_rules": ""
        },
        "sf_opportunity": {
            "source_database_name": "dl_bronze_dev",
            "source_table_name": "sf_opportunity",
            "is_json_parser_required": "N",
            "json_fields": "",
            "is_deduplicate": "N",
            "combination_keys": "id",
            "is_handle_isdeleted": "N",
            "is_deleted_column": "",
            "is_scd_required": "N",
            "scd_columns": "modified_on,created_on",
            "target_type": "s3",
            "target_write_mode": "overwrite",
            "target_location": "s3://dl-cdl-dev-silver/dl_silver_dev/sf_snowflake/sf_opportunity/",
            "target_database_name": "dl_silver_dev",
            "target_table_name": "sf_opportunity",
            "target_history_database_name": "",
            "target_history_table_name": "",
            "target_history_location": "",
            "DQ_rules": ""
        },
        "shopify_product": {
            "source_database_name": "dl_bronze_dev",
            "source_table_name": "shopify_product",
            "is_json_parser_required": "N",
            "json_fields": "",
            "is_deduplicate": "N",
            "combination_keys": "id",
            "is_handle_isdeleted": "N",
            "is_deleted_column": "",
            "is_scd_required": "N",
            "scd_columns": "modified_on,created_on",
            "target_type": "s3",
            "target_write_mode": "overwrite",
            "target_location": "s3://dl-cdl-dev-silver/dl_silver_dev/sf_snowflake/shopify_product/",
            "target_database_name": "dl_silver_dev",
            "target_table_name": "shopify_product",
            "target_history_database_name": "",
            "target_history_table_name": "",
            "target_history_location": "",
            "DQ_rules": ""
        },
        "shopify_order_line": {
            "source_database_name": "dl_bronze_dev",
            "source_table_name": "shopify_order_line",
            "is_json_parser_required": "N",
            "json_fields": "",
            "is_deduplicate": "N",
            "combination_keys": "id",
            "is_handle_isdeleted": "N",
            "is_deleted_column": "",
            "is_scd_required": "N",
            "scd_columns": "modified_on,created_on",
            "target_type": "s3",
            "target_write_mode": "overwrite",
            "target_location": "s3://dl-cdl-dev-silver/dl_silver_dev/sf_snowflake/shopify_order_line/",
            "target_database_name": "dl_silver_dev",
            "target_table_name": "shopify_order_line",
            "target_history_database_name": "",
            "target_history_table_name": "",
            "target_history_location": "",
            "DQ_rules": ""
        },
        "shopify_order": {
            "source_database_name": "dl_bronze_dev",
            "source_table_name": "shopify_order",
            "is_json_parser_required": "N",
            "json_fields": "",
            "is_deduplicate": "N",
            "combination_keys": "id",
            "is_handle_isdeleted": "N",
            "is_deleted_column": "",
            "is_scd_required": "N",
            "scd_columns": "modified_on,created_on",
            "target_type": "s3",
            "target_write_mode": "overwrite",
            "target_location": "s3://dl-cdl-dev-silver/dl_silver_dev/sf_snowflake/shopify_order/",
            "target_database_name": "dl_silver_dev",
            "target_table_name": "shopify_order",
            "target_history_database_name": "",
            "target_history_table_name": "",
            "target_history_location": "",
            "DQ_rules": ""
        }
    },
    "mtf_mongodb": {
        "mongo_sync_download_fonts": {
            "source_database_name": "dl_bronze_dev",
            "source_table_name": "mongo_sync_download_fonts",
            "is_json_parser_required": "N",
            "json_fields": "",
            "is_deduplicate": "N",
            "combination_keys": "id",
            "is_handle_isdeleted": "N",
            "is_deleted_column": "",
            "is_scd_required": "N",
            "scd_columns": "modified_on,created_on",
            "target_type": "s3",
            "target_write_mode": "overwrite",
            "target_location": "s3://dl-cdl-dev-silver/dl_silver_dev/mtf_mongodb/mongo_sync_download_fonts/",
            "target_database_name": "dl_silver_dev",
            "target_table_name": "mongo_sync_download_fonts",
            "target_history_database_name": "",
            "target_history_table_name": "",
            "target_history_location": "",
            "DQ_rules": ""
        },
        "mongo_mtf_fonts_inventory": {
            "source_database_name": "dl_bronze_dev",
            "source_table_name": "mongo_mtf_fonts_inventory",
            "is_json_parser_required": "N",
            "json_fields": "",
            "is_deduplicate": "Y",
            "combination_keys": "id",
            "is_handle_isdeleted": "N",
            "is_deleted_column": "",
            "is_scd_required": "N",
            "scd_columns": "modified_on,created_on",
            "target_type": "s3",
            "target_write_mode": "overwrite",
            "target_location": "s3://dl-cdl-dev-silver/dl_silver_dev/mtf_mongodb/mongo_mtf_fonts_inventory/",
            "target_database_name": "dl_silver_dev",
            "target_table_name": "mongo_mtf_fonts_inventory",
            "target_history_database_name": "",
            "target_history_table_name": "",
            "target_history_location": "",
            "DQ_rules": ""
        }
    }
}